{
   "spring.000": "%áÍ¹ ɤàËȑÍ¹˗Òà¸ÍıÒĥ§˝Ò¹Ëę§ȚÍáºº¨ƃ§Ĉ§",
   "rain.000": "* ¶Í¹ËÒÂã¨ * ĉ¹ŇÒÍÐäÃäˑä˴àÅÂã¹ħ¹ч½¹µ¡áºº׉ ... á˒Ĉ§.....$2#$b# á˅ĉ¹ʁƱËę§ȚÍ¹Ð!!!$1",
   "rain.001": "%áÍ¹ıÒĥ§ҤÁ¡Òá¿ÍԒ....",
   "rain.002": "țÁ?  ׉ËÃÍ??#$b#ĉ¹ıÒĥ§ŇÒÃÒÂ§Ò¹˚§·Ò§ ÁËÒĥÂˉÐ ÍÂÒ¡ÁÒµÃÇ¨ã̋ ĉ¹Ī¡ËˉÍÂäËÁË˕Ð$1",
   "summer.000": "ĉ¹Ť´˗ÒˉÒ¨ÐƱ§Ò¹#$b#ÍÐäÃã̋ĉ¹ŇÒ˺Ò§¹Ð... $1#$e#",
   "summer.001": "àʢ¹׉¨Ðš¹ÍÐäÃƤ¹Ð...",
   "summer.002": "ɤ׉Ɗ! ˉÒÊ¹ã¨ÁÒ¡àÅÂÍÐ ĉ¹ªÍºËę§ȚÍà˕Á׉Ĉ§!! $1",
   "fall.000": "% áÍ¹ɤàËȑÍ¹˗Òà¸Í¨Ðäˑ˗Ò§ȤÂ...",
   "fall.001": "ÍÒ¡ÒÈ׉àËÁÒÐŚÒËģº¡ÒÃà´Ô¹à˕¹ã¹»èÒÁÒ¡àÅÂ¹Ð $7",
   "winter.000": "% áÍ¹ɤàËȑÍ¹˗Òà¸Í¨Ðäˑ˗Ò§ȤÂ...",
   "winter.001": "áʴŇÒ¤ÇÒÁÊÐÍÒ´á¶Ç æ ׉",
   "winter.015": "¡Х¹¡Òá¿щŇÒã̋ ĉ¹Ǚ¡ǖ§ÁËÒĥÂ...",
   "married.000": "ä§¹ÒÂËÂØ´¾Ñ¡§Ò¹ËÃÍ ^ ä§à¸ÍËÂØ´¾Ñ¡§Ò¹ËÃÍ #$b#ËȓÍ˗ÒȤ³ÍÂÒ¡ÁÒËÒĉ¹!! ÎÒæ $1"
}