{
  "spring.000": "%áÍ¹ ɤàËȑÍ¹˗Òà¸Í¡ÓÅÑ§ÍèÒ¹Ëę§ȚÍáºº¨ƃ§Ĉ§",
  "rain.000": "* ¶Í¹ËÒÂã¨ * ĉ¹ŇÒÍÐäÃäˑä˴àÅÂã¹ħ¹·Õ½¹µ¡áºº| ... áÂèĈ§.....$2#$b# áµèĉ¹ʁƱËę§ȚÍ¹Ð!!!$1",
  "summer.000": "ĉ¹¤Ô´çèÒ¹èÒ¨ÐƱ§Ò¹ÍÐäÃãËéĉ¹·ÓºéÒ§¹Ð... $1",
  "summer.001": "% áÍ¹ɤàËȑÍ¹çèÒà¸Í¨ÐäÁèçèÒ§...",
  "summer.002": "ɤ|Ɗ¹èÒÊ¹ã¨ÁÒ¡àÅÂÍÐĉ¹ªÍºËę§ȚÍà˕Á|Ĉ§!! $1",
  "fall.000": "% áÍ¹ɤàËȑÍ¹˗Òà¸Í¨Ðäˑ˗Ò§ȤÂ...",
  "fall.001": "ÍÒ¡ÒÈ|àËÁÒÐŚÒËģº¡ÒÃà´Ô¹à˕¹ã¹»èÒÁÒ¡àÅÂ¹Ð $7",
  "winter.000": "% áÍ¹ɤàËȑÍ¹˗Òà¸Í¨Ðäˑ˗Ò§ȤÂ...",
  "winter.001": "á¤èŇÒ¤çÒÁÊÐÍÒ´á¶ç æ |",
  "marriage.000": "ä§¹ÒÂËÂØ´¾Ñ¡§Ò¹ËÃÍ ^ ä§à¸ÍËÂØ´¾Ñ¡§Ò¹ËÃÍ #$b#ËÃ×Í˗ÒȤ³ÍÂÒ¡ÁÒËÒĉ¹!! ÎÒæ $1"
}