{
  "spring": "800 Town 32 88 0 ann_read/910 Town 41 58 2 \"Strings\\schedules\\Ann:summer.000\"/1030 SeedShop 2 21 1 \"Strings\\schedules\\Ann:summer.001\"/1100 ArchaeologyHouse 11 10 0 ann_read\"Strings\\schedules\\Ann:summer.002\"/1530 Town 67 68 0",
  "marriage_Mon": "GOTO spring",
  "summer": "GOTO Mon",
  "fall": "GOTO spring",
  "winter": "GOTO spring",
  "rain": "GOTO spring",
  "Mon": "700 Town 30 56 0 ann_read/910 SeedShop 2 21 1 \"Strings\\schedules\\Ann:summer.001\"/1100 ArchaeologyHouse 11 10 0 ann_read \"Strings\\schedules\\Ann:summer.002\"/1430 BusStop 9 11 0",
  "9_6": "GOTO spring",
  "23_6": "GOTO spring"
}

//(0 = up, 1 = right, 2 = down, 3 = left)
