{
    "Format": "1.6",
    "Changes": [{

            "LogName": "NPC Manifestation",
            "Action": "EditData",
            "Target": "Data/NPCDispositions",
            "Entries": {
                "Ann": "teen/polite/outgoing/neutral/female/datable/null/Other/summer 12//Town 41 58/Ann"
            }
        }, {

            "LogName": "NPC Gift Tastes",
            "Action": "EditData",
            "Target": "Data/NPCGiftTastes",
            "Entries": {
                "Ann": "̽Ð¢ÍºȤ³ÁÒ¡¹Ð! ړä˴ä§˗Òĉ¹ªÍº¢Í§áºº| ¢ÍºȤ³¹Ðĉ¹ªÍºġ¹ÁÒ¡æàÅÂ!!/64 72 74 228 196 38 797 230 184/¢ÍºȤ³¹Ð!! ĉ¹ªÍº¢Í§¢ħ­Ĉ§../211 223 222 234 728 730 -79 -81/ĉ¹...˗Òĉ¹äˑªÍºġ¹¹Ð @/-81 -21 /@ |¢ÂÐËÃÍ...../342 330/¢ÍºȤ³ŚÒËģº¢Í§¢ħ­..../424 426 306 307 308 428 446 78 725 726 768 769 -4 142 721 681 688 689 690 -74 309 310 311/"

            }
        }, {

            "LogName": "Animations",
            "Action": "EditData",
            "Target": "Data/animationdescriptions",
            "Entries": {
                "Ann_dishes": "24 25/24 25/24 25",
                "Ann_read": "16 17 19/18/19 17 16",
                "Ann_wave_left": "20 20 20 20 20 20 20 20 20 20 20 20 20 20 20/12/12/Strings\\animationDescriptions:_wave_left",
                "Ann_sleep": "48/48/48",
                "Ann_sit_down": "34/34/34"
            }
        }, {

            "LogName": "Schedule Dialogue",
            "Action": "Load",
            "Target": "Strings/schedules/Ann",
            "FromFile": "assets/Schedule/ScheduleDialogue.json"

        }, {

            "LogName": "Engagement Dialogue",
            "Action": "EditData",
            "Target": "Data/EngagementDialogue",
            "Entries": {
                //ฉันก็กังวลเล็กน้อยนะเกี่ยวกับเรื่องนี้...ละ ละ ...แล้วคุณหล่ะ
                //ฉันคิดว่าฉันคงไม่มีความสุขไปกว่านี้แล้ว...
                "Ann0": "ĉ¹ʁā§ÇÅàÅç¡¹éÍÂ¹ÐàƑèÂÇāºàȓèÍ§׉...#$b#ÅÐ ÅÐ ...á̅ÇȤ³Ë˕Ð $4",
                "Ann1": "ĉ¹Ť´˗Òĉ¹¤§äˑƱ¤ÇÒÁÊØ¢ä»¡˗Ò׉á̅Ç...$4"

            }
        }, { //wedding vows fix
            "Action": "EditData",
            "Target": "strings/StringsFromCSFiles",
            "Entries": {
                "Utility.cs.5371": "@... Ann... #$b# ã¹°Ò¹Ð¹ÒÂ¡à·ÈÁ¹µÃÕàȑÍ§ Pelican áÅÐ¼Ùé¶×ÍµÃÒ»ÃÐ·ÑºçÔçÒËì»ÃÐ¨ÓÀÙÁÔÀÒ¤µÍ¹|ĉ¹»ÃÐ¡ÒÈ˗ÒȤ³·Ñé§ÊÍ§ä ˴àʛ¹ÊÒƱáÅÐÀÃÃÂÒ·Õ´ÕµèÍā¹!  $h ",
                "Utility.cs.5377": "@... Ann... #$b# ã¹°Ò¹Ð¹ÒÂ¡à·ÈÁ¹µÃÕ¢Í§àȑÍ§ Pelican áÅÐ¼Ùé¶×ÍµÃÒ»ÃÐ·ÑºçÔçÒËì»ÃÐ¨ÓÀÙÁÔÀÒ¤µÍ¹|ĉ¹àÃÕÂ¡Ȥ³˗ÒÀÃÃÂÒáÅÐ ... Í×ÁÀÃÃÂÒ! $h ",

                "Utility.cs.5367": "àȑèÍ @ ÁÒ¶Ö§ Pelican Town ¤ģé§áÃ¡äˑƱã¤Ãړ˗Òà¢Ò¨Ðà¢éÒāºªØÁª¹¢Í§àÃÒä˴ËȓÍäˑ ... #$b# áµèęº¨Ò¡ħ¹|ä» @ ¨Ðàʛ¹˚ç¹Ë¹Öè§¢Í§àȑÍ§|ÁÒ¡à·èÒāº¾ç¡àÃÒ·Ø¡¤¹ ! $h #$b# àʛ¹àƑÂÃŵÍÂèÒ§ÂÔè§¢Í§ĉ¹ã¹ħ¹ | {0} ¨Ò¡ {1} ·Õä˴ÃçÁ @ áÅÐ áÍ¹ ã¹¾Ñ¹¸ÐáËè§¡ÒÃáµè§§Ò¹ ",
                "Utility.cs.5369": "àȑèÍ @ ÁÒ¶Ö§ Pelican Town ¤ģé§áÃ¡äˑƱã¤Ãړ˗Òà¸Í¨Ðà¢éÒāºªØÁª¹¢Í§àÃÒä˴ËȓÍäˑ ... #$b# áµèęº¨Ò¡ħ¹|ä» @ ¨Ðàʛ¹˚ç¹Ë¹Öè§¢Í§àȑÍ§|ÁÒ¡à·èÒāº¾ç¡àÃÒ·Ø¡¤¹ ! $h #$b# àʛ¹àƑÂÃŵÍÂèÒ§ÂÔè§¢Í§ĉ¹ã¹ħ¹| {0} ¨Ò¡ {1} ·Õä˴ÃçÁ @ áÅÐ áÍ¹ ʛ¹Ë¹Öè§à´ÕÂçã¹ªÕçÔµÊÁÃÊ"
            },
            "When": {
                "Relationship:Ann": "Engaged, Married"
            }
        }, {
            "LogName": "Ann Portraits",
            "Action": "Load",
            "Target": "Portraits/Ann",
            "FromFile": "assets/Image/Ann.png"
        }, {
            "LogName": "Ann Sprites",
            "Action": "Load",
            "Target": "Characters/Ann",
            "FromFile": "assets/Image/Sprite.png"

        }, {

            "LogName": "Dialogue",
            "Action": "Load",
            "Target": "Characters/Dialogue/Ann",
            "FromFile": "assets/Dialogue/Dialogue.json"

        }, {
            "LogName": "Marriage Dialogue",
            "Action": "Load",
            "Target": "Characters/Dialogue/MarriageDialogue",
            "FromFile": "assets/Dialogue/marriageDialogue.json"
        }, {

            "LogName": "Schedule",
            "Action": "Load",
            "Target": "Characters/schedules/Ann",
            "FromFile": "assets/Schedule/Schedule.json"

        }, { //เทศกาล
            //"Ann": "@ เทศกาลเก็บไข่หล่ะ ฉันตื่นเต้นมากเลย!!  $1#$e#ฉันว่านะฉันต้องเก็บให้ได้สักอัน... $0#$b#จะเก็บให้ได้เยอะๆเลย เย้! $1"
            "Action": "EditData",
            "Target": "data/festivals/spring13",
            "Entries": {
                "Ann": "@ à·È¡ÒÅàʁºä¢èË˕Ð ĉ¹ҥ¹à˵¹ÁÒ¡àÅÂ!!  $1#$e#ĉ¹˗Ò¹Ðĉ¹˵Í§àʁºã̋ä˴̂Ī¡̂ĭ¹... $0#$b#¨Ðàʁºã̋ä˴àÂÍÐæàÅÂ à̂! $1"
            }
        },

        //"Ann": "เย้!! $1#$b#เธอก็รีบๆไปหาสะสิ"
        {
            "Action": "EditData",
            "Target": "data/festivals/spring13",
            "Entries": {
                "Ann": "à̂!! $1#$b#à¸ÍʁƳºæä»ËÒÊÐƊ"
            },
            "When": {
                "Spouse:Ann": "True"
            }
        },

        //"Ann": "ฉันตื่นเต้นมากเลยนะ!! $1"
        {
            "Action": "EditData",
            "Target": "data/festivals/spring24",
            "Entries": {
                "Ann": "ĉ¹ҥ¹à˵¹ÁÒ¡àÅÂ¹Ð!! $1"
            }
        },

        //"Ann": "*ถอนหายใจ* ฤดูใบไม้ผลิใกล้จะหมดแล้ว.. $2"
        {
            "Action": "EditData",
            "Target": "data/festivals/spring24",
            "Entries": {
                "Ann": "*¶Í¹ËÒÂã¨* Äɤãºä́¼ÅÔã¡̅¨ÐËÁ´á̅Ç.. $2"
            },
            "When": {
                "Spouse:Ann": "True"
            }
        }, {
            "Action": "EditData",
            "Target": "data/festivals/summer11",
            "Entries": {
                //"Ann": "อดใจรอไม่ไหวแล้ววว ฉันชอบของกินของที่นี้มากๆเลย #$b#@ นายก็ตั้งตารอละสิ ^ เธอก็ตั้งตารอละสิ $1"
                "Ann": "Í´ã¨ÃÍäˑäËÇá̅ÇÇÇ ĉ¹ªÍº¢Í§¡Ô¹¢Í§ч׉ÁÒ¡æàÅÂ #$b#@ ¹ÒÂʁµÑé§µÒÃÍÅÐƊ ^ à¸ÍʁµÑé§µÒÃÍÅÐƊ $1",
                //"Ann_spouse": "แล้วคุณจะใส่อะไรลงไปหรอ @?#$e#อย่าใส่อะไรน่าเกียจของไปหล่ะฉันรอกินซุปของปีนี้อยู่"
                "Ann_spouse": "á̅ÇȤ³¨Ðã˚ÍÐäÃÅ§ä»ËÃÍ @?#$e#Í˒Òã˚ÍÐäÃˉÒàƑÂ¨¢Í§ä»Ë˕Ðĉ¹ÃÍ¡Ô¹«Ø»¢Í§»Õ׉ÍԒ"
            }
        }, {
            "Action": "EditData",
            "Target": "data/festivals/summer28",
            "Entries": {
                //"Ann":"ฉันน่าจะเอากล้องมา ... $2"
                "Ann": "ĉ¹¹èÒ¨ÐàÍÒ¡̅Í§ÁÒ ... $2",
                //"Ann_spouse": "ไง!!! ฉันแทบรอไม่ไหวแล้วที่จะได้ดูการอพยพของเหล่าแมงกะพรุน #$b#ใช้ๆ ตัวสีเขียวน่ะหายากมากเลยนะ!! $1"
                "Ann_spouse": "ä§!!! ĉ¹á·ºÃÍäˑäËÇá̅Çч¨Ðä˴ɤ¡ÒÃÍ¾Â¾¢Í§àË˕ÒáÁ§¡Ð¾Ƀ¹ #$b#ã˪æ µÑÇÊÕà¢ÕÂÇˉÐËÒÂÒ¡ÁÒ¡àÅÂ¹Ð!! $1"
            }
        }, {
            "Action": "EditData",
            "Target": "data/festivals/summer28",
            "Entries": {
                //"Ann": "คืนนี้..... ฉันว่ามันสวยมากๆเลยว่าไหม?? $4"
                "Ann": "Ǵ¹׉..... ĉ¹˗Òġ¹ÊÇÂÁÒ¡æàÅÂ˗ÒäËÁ?? $4"
            },
            "When": {
                "Spouse:Ann": "True"
            }
        }, {
            "Action": "EditData",
            "Target": "data/festivals/fall16",
            "Entries": {
                //"Ann": "ดีสิของขายเยอะจัง!! คุณก็เป็นเกษตรกรนิ $0 #$e#มีของมาขายรึป่าววว$1",
                //"Ann_spouse": "บรรยากาศนี้นะว่าไหม?? #$e#เอาหล่ะต้องมีอะไรให้ฉันทำสักอย่าง !!$1"

                "Ann": "ƤƊ¢Í§¢ÒÂàÂÍÐĈ§!! Ȥ³ʁàʛ¹à¡ÉµÃ¡ÃŹ $0 #$e#Ʊ¢Í§ÁÒ¢ÒÂÃÖ»èÒÇÇÇ$1",
                "Ann_spouse": "ºÃÃÂÒ¡ÒÈ׉¹Ð˗ÒäËÁ?? #$e#àÍÒË˕Ð˵Í§ƱÍÐäÃã̋ĉ¹ŇÒ̂Ī¡Í˒Ò§ !!$1"
            }
        }, {
            "Action": "EditData",
            "Target": "data/festivals/fall16",
            "Entries": {
                //"Ann": "ฉันไม่ชอบตัวตลกนั้นเลย...$2"
                "Ann": "ĉ¹äˑªÍºµÑÇµÅ¡ęé¹àÅÂ...$2"
            },
            "When": {
                "Spouse:Ann": "True"
            }
        }, {
            "Action": "EditData",
            "Target": "data/festivals/fall27",
            "Entries": {
                "Ann": "It got chillier...$2#$e#It's either the weather or the unsettling atmosphere...",
                "Ann_spouse": "I thought I felt something grab my arm...$2"
            }
        }, {
            "Action": "EditData",
            "Target": "data/festivals/winter8",
            "Entries": {
                //"Ann": "อากาศหนาวขึ้นนะคุณก็ดูแลตัวเองด้วยหล่ะ ฉันมีแค่ชุดนักศึกษาน่ะ #$b#ฮ่า แต่ฉันชอบอากาศหนาวนะเพราะไทยร้อนมากกก เลย!!!$1"
                "Ann": "ÍÒ¡ÒÈË¹ÒÇע¹¹ÐȤ³ʁɤáÅµÑÇàÍ§˴ÇÂË˕Ð ĉ¹ƱáʴªØ´ę¡ÈÖ¡ÉÒˉÐ #$b#˞Ò áµèĉ¹ªÍºÍÒ¡ÒÈË¹ÒÇ¹Ðà¾ÃÒÐä·ẪÍ¹ÁÒ¡¡¡ àÅÂ!!!$1"
            }
        }, {
            "Action": "EditData",
            "Target": "data/festivals/winter8",
            "Entries": {
                //"Ann": "คุณจะได้ปลาเยอะแค่ไหนนะ!! #$b#ฉันจะเชียร์คุณนะ!!$1"
                "Ann": "Ȥ³¨Ðä˴»ÅÒàÂÍÐáʴäË¹¹Ð!! #$b#ĉ¹¨ÐàªÕÂÃìȤ³¹Ð!!$1"
            },
            "When": {
                "Spouse:Ann": "True"
            }
        }, {
            "Action": "EditData",
            "Target": "data/festivals/winter25",
            "Entries": {
                //"Ann": "ที่ไทยก็มีเทศกาลแบบนี้ทุกปีเลยหวังว่าฉันจะได้อะไรบ้างนะ..... $2"
                "Ann": "чä·ÂʁƱà·È¡ÒÅáºº׉·Ø¡»ÕàÅÂËħ§˗Òĉ¹¨Ðä˴ÍÐäÃ˺Ò§¹Ð..... $2"
            }
        }, {
            "Action": "EditData",
            "Target": "data/festivals/winter25",
            "Entries": {
                //"Ann": "คุณเอาของขวัญมาให้ฉัน @?! $h#$b#นี้ต้องเป็นของขวัญที่ดีที่สุดที่ได้เคยได้มาแน่ๆเลย... $l"
                "Ann": "Ȥ³àÍÒ¢Í§¢ħ­ÁÒã̋ĉ¹ @?! $h#$b#׉˵Í§àʛ¹¢Í§¢ħ­чƤчÊØ´чä˴à¤Âä˴ÁÒáˉæàÅÂ... $l"
            },
            "When": {
                "Spouse:Ann": "True"
            }
        }, {
            "Action": "EditData",
            "Target": "strings/StringsFromMaps",
            "Entries": {
                "AnnHouse.1": "It's a photo of Ann's family. She's next to a boy and three other girls who are grinning from ear to ear. In the middle is their mother.",
                "AnnHouse.2": "A fashion magazine. The person on the cover looks a lot like Ann!",
                "AnnHouse.3": "Beer cans.",
                "AnnHouse.4": "A bunch of open envelopes. Most of them are from a single person named 'Junko'.",
                "AnnHouse.5": "To our beloved Ann-^We miss you and we hope you're doing alright.^Our little brother has gotten used to all the bright lights and cameras since you've been gone. He misses you too, but he won't admit it, haha.^Remember, if things don't work out or you just feel homesick, we'll always be here to welcome you back with open arms.^Make sure to eat healthy and stay hydrated.^Love,^Your family.",
                "AnnHouse.6": "There's something on the radio, but you can't understand what they're saying."
            }
        },

        //Cane's Resource for a list of Music IDs: https://docs.google.com/spreadsheets/d/1CpDrw23peQiq-C7F2FjYOMePaYe0Rc9BwQsj3h6sjyo/edit#gid=239695361
        //(0 = up, 1 = right, 2 = down, 3 = left)

        { //2 heart event, 6:30 am - 10:00 am

            "LogName": "AnnEvent",
            "Action": "EditData",
            "Target": "Data/Events/Beach",
            "Entries": {
                //"968563/f Ann 500/t 630 1000/w sunny": "ocean/29 36/farmer 24 30 2 Ann 29 36 2/skippable/move farmer 0 1 1/move farmer 1 0 2/move farmer 0 5 2/speak Ann \"นี้@คุณว่าไหมที่นี้สงบดีจัง....#$b#ฉันรู้สึกชอบคนที่นี้มากเลยนะ$0\"/faceDirection farmer 1/speak Ann \"ขอโทษนะที่ฉันพูดอะไรแปลกๆ....#$b#ฉันเดาว่าคุณก็ชอบที่นี้เหมือนกัน$7#$b#เห้อออ....อยากอยู่ที่นี้นานๆจัง!!$1\"/faceDirection farmer 2/speak Ann \"แล้วที่ฟามคุณเป็นยังไงบ้าง??$7#$b#น่าจะต้องดีแน่ๆถ้าอยู่ที่ฟามร์ $7#$b#ปกติฉันก็อยู่ในเมืองมาตลอดเลย....#$b#จนฉันได้มาที่นี้$7\"/pause 1000/speak Ann \"ถึงอย่างนั่น!!#$b#ฉันก็คิดถึงเพื่อนหลายๆคนที่นั่นนะ..$1#$b#อาจจะฟังดูเป็นเด็กเห็นแก่ตัวนะ#$b#แต่ก็ต้องยอมรับว่าฉันค่อนข้างเหงา $4#$b#ฉันก็เรียนมาตลอดเลย...$s#$b#ไม่ค่อยได้ทำอะไรพอมาที่นี้ฉันสนุกสุดๆ#$b#ที่ได้เจอทุกคนในหมู่บ้าน!! $1\"/question fork1 \"#จะว่าไหมที่ฉันอยากสนิทกับเธอให้มากกว่านี้#...\"/fork noResponse/pause 1000/speak Ann \"คุณเป็นคนดีจริงๆเลยนะ...$7^เธอนี้เป็นคนดีจริงๆเลยนะ...$7#$b#ถึงว่าเป็นจุดเริ่มต้นที่ดีนะสำหรับฉัน ฮ่าๆ$1\"/emote farmer 60/speak Ann \"ไว้เจอกันใหม่นะ @...$7\"/move Ann 0 -1 0/faceDirection farmer 0/move farmer 0 -1 0/speak Ann \"รู้จักกันแล้วนะคุณขาวสวน$7\"/move Ann -6 0 3 true/faceDirection farmer 3/pause 500/faceDirection farmer 2/globalFade/viewport -1000 -1000/end",
                //"noResponse": "pause 500/emote Ann 28/speak Ann \"พอฉันเดินเล่นนานไปหน่อย ...$7\"/move Ann 0 -1 0/faceDirection farmer 0/speak Ann \"ไว้เจอกันใหม่นะ$0\"/move Ann -14 0 3 true/faceDirection farmer 3/globalFade/viewport -1000 -1000/end"

                "968563/f Ann 500/t 630 1000/w sunny": "ocean/29 36/farmer 24 30 2 Ann 29 36 2/skippable/move farmer 0 1 1/move farmer 1 0 2/move farmer 0 5 2/speak Ann \"׉@Ȥ³˗ÒäËÁч׉Ê§ºƤĈ§....#$b#ĉ¹ړǪ¡ªÍº¤¹ч׉ÁÒ¡àÅÂ¹Ð$0\"/faceDirection farmer 1/speak Ann \"¢Íâ·É¹Ðчĉ¹ɮ´ÍÐäÃá»Å¡æ....#$b#ĉ¹à´Ò˗ÒȤ³ʁªÍºч׉àËȑÍ¹ā¹$7#$b#à̋ÍÍÍ....ÍÂÒ¡ÍԒч׉¹Ò¹æĈ§!!$1\"/faceDirection farmer 2/speak Ann \"á̅Çч¿ÒÁȤ³àʛ¹Ģ§ä§˺Ò§??$7#$b#ˉÒ¨Ð˵Í§Ƥáˉæ˶ÒÍԒч¿ÒÁÃì $7#$b#»¡ŵĉ¹ʁÍԒã¹àȑÍ§ÁÒµÅÍ´àÅÂ....#$b#¨¹ĉ¹ä˴ÁÒч׉$7\"/pause 1000/speak Ann \"ǖ§Í˒Ò§ι¹!!#$b#ĉ¹ʁŤ´ǖ§àҮÍ¹ËÅÒÂæ¤¹чι¹¹Ð..$1#$b#ÍÒ¨¨Ð¿Ñ§ɤàʛ¹à´ç¡àʫ¹á¡èµÑÇ¹Ð#$b#áµèʁ˵Í§ÂÍÁģº˗Òĉ¹ʴÍ¹¢éÒ§àË§Ò $4#$b#ĉ¹ʁàƳÂ¹ÁÒµÅÍ´àÅÂ...$s#$b#äˑʴÍÂä˴ŇÒÍÐäÃ¾ÍÁÒч׉ĉ¹Êȹ¡ÊØ´æ#$b#чä˴à¨Í·Ø¡¤¹ã¹ËÁÙè˺Ò¹!! $1\"/question fork1 \"#¨Ð˗ÒäËÁчĉ¹ÍÂÒ¡ÊŹ·āºà¸Íã̋ÁÒ¡¡˗Ò׉#...\"/fork noResponse/pause 1000/speak Ann \"Ȥ³àʛ¹¤¹Ƥ¨ƃ§æàÅÂ¹Ð...$7^à¸Í׉àʛ¹¤¹Ƥ¨ƃ§æàÅÂ¹Ð...$7#$b#ǖ§˗Òàʛ¹¨Ø´àƃèÁ˵¹чƤ¹ÐŚÒËģºĉ¹ ˞Òæ$1\"/emote farmer 60/speak Ann \"äÇéà¨Íā¹ãËˑ¹Ð @...$7\"/move Ann 0 -1 0/faceDirection farmer 0/move farmer 0 -3 0/speak Ann \"ړĈ¡ā¹á̅Ç¹ÐȤ³¢ÒÇÊÇ¹$7\"/move Ann -4 0 3 true/faceDirection farmer 3/pause 500/faceDirection farmer 2/globalFade/viewport -1000 -1000/end",
                "noResponse": "pause 500/emote Ann 28/speak Ann \"¾Íĉ¹à´Ô¹à˕¹¹Ò¹ä»ËˉÍÂ ...$7\"/move Ann 0 -1 0/faceDirection farmer 0/speak Ann \"äÇéà¨Íā¹ãËˑ¹Ð$0\"/move Ann -14 0 3 true/faceDirection farmer 3/globalFade/viewport -1000 -1000/end"

            }
        }, { //4 heart event, 8:00 am - 1:00 pm, Town must be sunny

            "LogName": "AnnEvent",
            "Action": "EditData",
            "Target": "Data/Events/Town",
            "Entries": {
				//"968564/f Ann 1000/t 800 1300/w sunny": "playful/35 88/farmer 30 80 2 Ann 32 89 3 Penny 31 89 1/skippable/move farmer 0 5 2/speak Penny \"นี้!!! @ วันนี้อากาศเหมาะกับการเดินเลานนะ#$b#ว่าไหม!!#$b#โอ๊ะ Ann ก็ไปด้วยนะ$1\"/speak Ann\"เอ่!!....#$b#คือ..ว่า..ไม่ใช่นะ!! #$b#หมายถึง..ฉันจะไปอ่านหนังสือกับ Penny น่ะ$4\"/speak Penny\"งั้นเธอคุยกันเลยนะนะเดียวฉันไปรอ่านหนังสือต่อนะ..1\"/pause 500/"
			
				"968564/f Ann 1000/t 800 1300/w sunny": "playful/35 88/farmer 30 80 2 Ann 32 89 3 Penny 31 89 1/skippable/move farmer 0 5 2/speak Penny \"׉!!! @ ħ¹׉ÍÒ¡ÒÈàËÁÒÐāº¡ÒÃà´Ô¹àÅÒ¹¹Ð˗ÒäËÁ!!#$b#â̽Ð Ann ʁä»˴ÇÂ¹Ð$1\"/faceDirection farmer 1/speak Ann\"à˝!!....#$b#ǴÍ..˗Ò..äˑãªè¹Ð!! #$b#ËÁÒÂǖ§..ĉ¹¨Ðä»˝Ò¹Ëę§ȚÍāº Penny ˉÐ$4\"/speak Penny\"§Ñé¹à¸ÍȤÂā¹àÅÂ¹Ð¹ÐàƤÂÇĉ¹ä»Ã˝Ò¹Ëę§ȚÍµèÍ¹Ð..1\"/pause 500/faceDirection Ann 2/faceDirection Ann 3/"
			
			
                //"968564/f Ann 1000/t 800 1300/w sunny": "playful/39 13/farmer 53 14 3 Ann 39 11 2/skippable/showFrame Ann 29/move farmer -14 0 3/speak Ann \"Stop right there!$7\"/jump farmer/faceDirection farmer 0/speak Ann \"Oh it's you, @!$7#$b#Come over here, I wanna talk to ya'!$7\"/emote farmer 40/move farmer 0 -2 0/speak Ann \"Good good, now stand right there.$7\"/pause 500/speak Ann \"Hmm...$7\"/emote farmer 8/speak Ann \"You know what farmer boy?$7^You know what farmer girl?$7#$b#You're really attractive up close!$7\"/emote farmer 16/jump farmer/faceDirection farmer 2/emote farmer 60/animate Ann false true 250 30 31 30 31/speak Ann \"Heh, did I come off too strong just then?$7#$b#But, jokes aside, it's true!$7#$b#You could definitely be a model!$7\"/stopAnimation Ann/showFrame Ann 29/faceDirection farmer 0/pause 500/speak Ann \"I don't know what it is that makes you stand out.$7#$b#Maybe it's your physique? Or maybe it's your strength or your intelligence?$7\"/pause 500/speak Ann \"Of course!$7#$b#It's obviously your charming personality.$7#$b#Who can resist an alluring person such as yourself? Haha!$7\"/faceDirection farmer 2/emote farmer 60/faceDirection farmer 0/speak Ann \"You know, if your new farming life doesn't pan out as you hoped it would, there's always a place for you in the modeling industry.$7\"/pause 500/speak Ann \"Oh, looks like it's time for me to go! Gus probably needs help back at the saloon.$7#$b#I'll see you around farmer boy.$7^I'll see you around farmer girl$7.#$b#Pay me a visit sometime, okay?$7\"/move Ann 20 0 1 true/faceDirection farmer 1/globalFade/viewport -1000 -1000/end"
            }
        }, { //5 heart event, 8:00 am - 1:00 pm, forest must be sunny

            "LogName": "AnnEvent",
            "Action": "EditData",
            "Target": "Data/Events/Forest",
            "Entries": {
                "968564/f Ann 1250/t 800 1300/w sunny": "playful/39 13/farmer 53 14 3 Ann 39 11 2/skippable/showFrame Ann 29/move farmer -14 0 3/speak Ann \"Stop right there!$7\"/jump farmer/faceDirection farmer 0/speak Ann \"Oh it's you, @!$7#$b#Come over here, I wanna talk to ya'!$7\"/emote farmer 40/move farmer 0 -2 0/speak Ann \"Good good, now stand right there.$7\"/pause 500/speak Ann \"Hmm...$7\"/emote farmer 8/speak Ann \"You know what farmer boy?$7^You know what farmer girl?$7#$b#You're really attractive up close!$7\"/emote farmer 16/jump farmer/faceDirection farmer 2/emote farmer 60/animate Ann false true 250 30 31 30 31/speak Ann \"Heh, did I come off too strong just then?$7#$b#But, jokes aside, it's true!$7#$b#You could definitely be a model!$7\"/stopAnimation Ann/showFrame Ann 29/faceDirection farmer 0/pause 500/speak Ann \"I don't know what it is that makes you stand out.$7#$b#Maybe it's your physique? Or maybe it's your strength or your intelligence?$7\"/pause 500/speak Ann \"Of course!$7#$b#It's obviously your charming personality.$7#$b#Who can resist an alluring person such as yourself? Haha!$7\"/faceDirection farmer 2/emote farmer 60/faceDirection farmer 0/speak Ann \"You know, if your new farming life doesn't pan out as you hoped it would, there's always a place for you in the modeling industry.$7\"/pause 500/speak Ann \"Oh, looks like it's time for me to go! Gus probably needs help back at the saloon.$7#$b#I'll see you around farmer boy.$7^I'll see you around farmer girl$7.#$b#Pay me a visit sometime, okay?$7\"/move Ann 20 0 1 true/faceDirection farmer 1/globalFade/viewport -1000 -1000/end"
            }
        },
        { //6 heart event, enter Saloon 8:00 pm - 12:00 am when Gus is there

            "LogName": "AnnEvent",
            "Action": "EditData",
            "Target": "Data/Events/Saloon",
            "Entries": {
                "968565/f Ann 1500/t 2000 2400/p Gus": "playful/15 20/farmer 14 24 0 Ann 16 20 0 Clint 18 22 2 Marnie 9 22 3 Pam 7 18 1 Lewis 8 22 1 Gus 11 18 2 Emily 12 17 0 Shane 22 18 2/skippable/move farmer 0 -3 0/move farmer 3 0 1/faceDirection Marnie 0 true/move farmer 0 -1 0/faceDirection Ann 1/faceDirection farmer 3/speak Ann \"Hey there @, you look good! Did you do something with your hair?$1#$b#Okay, so you always look good, but you look good in the way that something about you is just...$3#$b#Uh... Better?$1\"/emote farmer 40/pause 500/emote Ann 28/speak Ann \"How about you let me buy you a beer?\"/faceDirection Ann 0/speak Ann \"Hey Gus, let me get a round for me and the farmer boy.^Hey Gus, let me get a round for me and the farmer girl.\"/faceDirection farmer 0/faceDirection Gus 1/speak Gus \"Coming right up.\"/move Gus 5 0 1/move Gus 0 -1 0/faceDirection Gus 0/playSound openBox/pause 400/playSound Milking/move Pam -6 0 0/move Gus 0 1 2/pause 500/speak Gus \"There you go, Ann.$u\"/pause 500/speak Ann \"Thank you Gus!$1#$b#Cheers!$1\"/faceDirection Ann 2/animate Ann false false 500 24 25 26 27 26 27 26 25 24/pause 500/move Gus -5 0 3/stopAnimation Ann/faceDirection Gus 2/farmerEat 346/pause 900/pause 1100/stopAnimation farmer/faceDirection farmer 3/faceDirection Ann 1/speak Ann \"Heh. Hey, @, can I tell you something?$1\"/emote farmer 8/pause 400/faceDirection Ann 0/pause 400/speak Ann \"It's just, I'm loud and pushy and arrogant.#$b#It's got me thinking. Why would someone like you want to be friends with me?\"/pause 500/speak Ann \"And I know I run my mouth all the time and talk a whole 'lotta nonsense, but the fact that you still put up with me means a whole lot.#$b#I'm pretty damn lucky to have you as a friend.$1\"/emote farmer 32/pause 500/speak Ann \"I'm sorry if I've been rambling. I just get fired up sometimes, ya' know?#$b#It's a real weight off my chest to get to talk to someone.$1#$b#How about I buy us some more beers so we can forget about this nonsense?#$b#Hey Gus! Another round for me 'n @!$1\"/faceDirection Gus 1/emote Gus 28/pause 500/faceDirection farmer 2/animate farmer false true 100 102 103/pause 1000/globalFade/viewport -1000 -1000/pause 600/stopAnimation farmer/end warpOut"
            }
        }, { //8 heart event, 9:00 pm - 12:00 am, town must be raining

            "LogName": "AnnEvent",
            "Action": "EditData",
            "Target": "Data/Events/Town",
            "Entries": {
                "968566/f Ann 2000/t 2100 2400/w rainy": "rain/42 72/farmer 24 72 1 Ann 42 72 2/skippable/animate Ann false true 400 16 16 17 17 18 18 19 19 18 18 17 17/move farmer 17 0 1/pause 500/speak Ann \"Oh it's just you.$9#$b#You're up late.$9\"/faceDirection farmer 2/speak Ann \"You should head home. You'll get sick in this kind of weather.$9\"/emote farmer 40/faceDirection farmer 1/pause 500/faceDirection farmer 2/speak Ann \"*sigh* I should have expected that...$9\"/playMusic echos/pause 4000/speak Ann \"I'm being selfish. I know I am...$10#$b#You've always been there for me and I don't deserve that from you.$10\"/pause 500/speak Ann \"I'd like for you to hear me out again...$10\"/faceDirection farmer 1/emote farmer 8/speak Ann \"It's just... I've been having some thoughts. Thinking about... things.$10#$b#We've been spending a lot of time together and it's made me think about... well, moments when I've ran away.$10\"/pause 400/speak Ann \"I ran away from my family, my friends... my home.$10#$b#Hell, even ran away from myself.$10#$b#And all for what? Just for me to be happy with myself?$9\"/pause 1000/speak Ann \"*sigh*$10#$b#But for the first time... being with you, things just felt right.$10\"/emote farmer 16/jump farmer/speak Ann \"I'm sorry if I'm making you uncomfortable.$10\"/question fork1 \"#I feel the same way.#I'm sorry... I don't feel the same way.\"/fork rejection/pause 500/pause 500/speak Ann \"Thank you, @.$11#$b#Hearing that coming from someone like you... I don't know if you understand how happy it makes me.$11\"/emote farmer 60/faceDirection farmer 2 true/stopAnimation Ann/animate Ann false false 200 20 21 22/pause 500/speak Ann \"Meeting you was probably the best day of my life.$l#$b#It's like I found a part of myself that I was missing.$l\"/stopAnimation Ann/showFrame Ann 0/faceDirection Ann 3/faceDirection farmer 1/speak Ann \"No one like me should be this lucky.$l\"/emote farmer 32/speak Ann \"Come on, let's get you inside before you catch a cold.$1\"/globalFade/viewport -1000 -1000/end",
                "rejection": "pause 500/emote Ann 28/speak Ann \"I'm sorry...$10\"/pause 500/stopAnimation Ann/showFrame Ann 0/pause 500/speak Ann \"*sigh* ...I'm gonna head back inside.$2\"/move Ann 3 0 1/faceDirection farmer 1/move Ann 0 -1 0/warp Ann 43 65/playSound doorClose/faceDirection farmer 2/emote farmer 40/pause 500/move farmer -15 0 3 true/globalFade/viewport -1000 -1000/end"
            }
        }, { //10 heart event, 8:00 pm - 12:00 am

            "LogName": "AnnEvent",
            "Action": "EditData",
            "Target": "Data/Events/Farm",
            "Entries": {
                "968567/f Ann 2500/t 2000 2400/w sunny": "nightTime/64 15/farmer 64 16 2 Ann 64 20 0/skippable/pause 1500/speak Ann \"Hey @.#$b#I'm sorry for bugging you this late at night, but... I wanted to talk to you.\"/emote Ann 40/speak Ann \"Come on, let's get out of here. I want us to talk somewhere... more private.\"/emote farmer 40/pause 2000/move farmer 0 1 2 true/globalFade/viewport -1000 -1000/warp farmer -100 -100/changeToTemporaryMap SebastianRide/ambientLight 0 0 0/specificTemporarySprite sebastianRide/viewport 15 8 true/speak Ann \"Sorry for bringing you out this late.#$b#But I wanted to show you something...#$b#It's not too far.\"/pause 500/speak Ann \"Oh the bike?#$b#I'm just... borrowing it for a bit. Don't worry I left a note for Sebastian.$1\"/globalFade/viewport -1000 -1000/changeToTemporaryMap SebastianMountain/ambientLight 0 0 0/warp farmer 15 18/warp Ann 16 18/positionOffset farmer 0 7/playMusic spaceMusic/viewport 15 14 true/faceDirection farmer 0/showFrame Ann 23/pause 10000/speak Ann \"That's Zuzu City in the distance.#$b#I think if I squint hard enough, I could see the apartment I grew up in.\"/pause 800/speak Ann \"...Can I ask you something, @?\"/faceDirection farmer 1/emote farmer 8/speak Ann \"$q -1 null#Would you ever want to come to the city with me?#$r -1 0 event_Ann1#I'd go anywhere with you.#$r -1 10 event_Ann2#Maybe... But not anytime soon.#$r -1 -10 event_Ann3#Sounds boring.\"/pause 3000/speak Ann \"Ever since I moved here a year ago, I've been coming up here to reminisce about the past.#$b#I felt as if I'd never fit in with the townspeople here, so I planned to move back home.#$b#Well, that WAS my plan... until something came in the way.\"/pause 900/speak Ann \"@...#$b#When I first met you, I was struck by your kindness and by your warmth.$4#$b#It became difficult for me to shut you out of my mind. The more I tried to forget you, the more I began to think about you... Until I realized...\"/pause 500/showFrame Ann 12/faceDirection Ann 3/speak Ann \"Nobody has ever made me feel the way you make me feel, and that is such a crazy feeling.$4\"/pause 700/faceDirection farmer 1/emote Ann 40/pause 2000/showFrame Ann 28/positionOffset Ann -2 0/pause 10/positionOffset Ann -2 0/pause 10/positionOffset Ann -2 0/pause 10/positionOffset Ann -2 0/pause 10/positionOffset Ann -2 0/pause 10/positionOffset Ann -2 0/pause 10/positionOffset Ann -2 0/pause 10/positionOffset Ann -2 0/pause 10/positionOffset Ann -2 0/pause 10/positionOffset Ann -2 0/pause 10/positionOffset Ann -2 0/pause 10/positionOffset Ann -2 0/pause 10/showFrame 101/pause 4000/viewport move 1 -1 6000/pause 6000/globalFade/viewport -1000 -1000/changeLocation Mountain/pause 4000/end position 64 16/end"
            }
        }

    ]
}