{
    "spring.000": "%แอน ดูเหมือนว่าเธอกำลังอ่านหนังสือแบบจริงจัง",
    "rain.000": "* ถอนหายใจ * ฉันทำอะไรไม่ได้เลยในวันที่ฝนตกแบบนี้ ... แย่จัง.....$2#$b# แต่ฉันก็มีหนังสือนะ!!!$1",
    "rain.001": "%แอนกำลังดื่มกาแฟอยู่....",
    "rain.002": "หืม?  นี้หรอ??#$b#ฉันกำลังศึกษามอนเตอร์ ที่อยู่ในถ่ำน่ะ คิดว่าน่าจะมีประโยชน์ กับคนที่ลงไปในนั้นน่ะ$1",
    "summer.000": "ฉันคิดว่าน่าจะมีงาน#$b#อะไรให้ฉันทำบ้างนะ... $1#$e#",
    "summer.001": "เย็นนี้จะกินอะไรดีนะ...",
    "summer.002": "ดูนี้สิ! น่าสนใจมากเลยอะ ฉันชอบหนังสือเล่มนี้จัง!! $1",
    "fall.000": "% แอนดูเหมือนว่าเธอจะไม่ว่างคุย...",
    "fall.001": "อากาศนี้เหมาะสำหรับการเดินเล่นในป่ามากเลยนะ $7",
    "winter.000": "% แอนดูเหมือนว่าเธอจะไม่ว่างคุย...",
    "winter.001": "แค่ทำความสะอาดแถว ๆ นี้",
    "winter.015": "กลิ่นกาแฟนี่ทำให้ ฉันนึกถึงตอนที่ฉันกำลังเรียนอยู่เลย...",
    "married.000": "ไงนายหยุดพักงานหรอ ^ ไงเธอหยุดพักงานหรอ #$b#หรือว่าคุณอยากมาหาฉัน!! ฮาๆ $1"
 }