{
  "Introduction": "à݋ÂÇʱÍ¹Ȥ³˵Í§àʛ¹à¡ÉµÃáˉæàÅÂ#$b#ĉ¹ҚÍ áÍ¹ ¹ÐƂ¹Ƥчä˴ړĈ¡$1#$e#ĉ¹àО§̂ÒÂÁÒˉÐĉ¹àʛ¹­Òŵ˛Ò§æ¢Í§ à¾¹Ʃ ˉÐ..",
  "danceRejection": "äˑË˕Ð ¢ÍºȤ³..",
  "Divorced": "¢Íâ·É¹Ð ĉ¹äˑÍÂÒ¡àʫ¹ˉÒȤ³..$5",
  "secondChance_Girls": "ĉ¹˗ÒàÃÒ¡ĥºÁÒàУÁãËˑ˴ÇÂā¹ä˴¹Ð...$4",
  "Mon": "׉ @ Ȥ³àÍÒàغÍ˼ÒÁÒ¨Ò¡äË¹ˉÐ ÊÇÂƤ¹Ð$1",
  "Mon2": "щ! @ #$q 6000/6001 question_1#Ȥ³à¤Âä»¡Ƀ§à·¾ǣˋÒÇ#$r 6000 15 q_yes#à¤ÂƊ!#$r 6001 0 q_no#äˑÍÐ ..",
  "q_yes": "àђÂÁ! ĉ¹à¤ÂÍԒчˉÐ¹ÁÒʱÍ¹ч¨Ð̂ÒÂÁÒчщ $1",
  "q_no": "äˑËÃÍġ¹ʁäˑàÅÇ̃ÒÂàˇÒäË˓¹Ð$2#$b# ºÒ§ƧȤ³¤ÇÃÇÒ§á¼¹¡ÒÃàŴ¹·Ò§ä»чˉÐ¹¹Ð!$1",
  "question_1": "$p 6000# ĉ¹àУÁŤ´ǖ§˺Ò¹˶ÒȤ³¶ÒÁĉ¹áºº׉ | ¡ӣ§à·¾àʛ¹Ê¶Ò¹ч чäˑàËȑÍ¹чҽ¹áˉ¹Í¹#$b#˶ÒȤ³äˑÊ¹ã¨àҳÍ§ àƺÂ§Åº¡Ç¹ˉÐ¹Ð",
  "Tue": "ȝÁ..¢Íâ·ÉµÍ¹׉ ĉ¹ÍÒÃÁ΃äˑƤ @ $2#$e#ĉ¹àˢÒ¹Í¹µÍ¹ƥ 2 á˅µÍ¹׉ĉ¹ҥ¹ע¹ ÁÒʁà˪Òá̅Ç $3#$e# ĉ¹äˑ¤ÇÃ ä˴ҤÁ¡Òá¿њáˡÇ Ɗ¹Ð",
  "Wed": "Ȥ³ړäËÁ˗Òĉ¹ÍԒ¤³Ð Digital Art Ë˕Ð#$e#á˅ĉ¹ªÍº §Ò¹ÇÃÃ³¡ÃÃÁ¹Ð$1#$e#Ī¡ħ¹ĉ¹¨Ð¾Òà¾¹Ʃä»àƳÂ¹āºĉ¹ã̋ä˴!!$2",
  "Thu": "ÊħÊƤ @ Ȥ³ÁÒчщàҮÍã̋ĉ¹àʛ¹ àÅ¢Òºƃĩ· ¿ÒÁ¢Í§Ȥ³ǣˋÒÇÇ$1#$b#˞Òæ ĉ¹̅Íà˕¹ˉÐ ĉ¹äˑÍÂÒ¡ŇÒã̋Ȥ³Ӣ§¹Ð ä»ŇÒ§Ò¹˅Íà¶ÍÐ",
  "Fri": "ÊħÊƤ @ Ȥ³ä˴ŇÒÍÐäÃÊȹ¡æ ã¹ʺÇ§Ɋ´Ī»´ÒΛǣˋÒÇ?#$b#ĉ¹ÍÂÒ¡ä»˝Ò¹Ëę§ȚÍá̅ÇʷÐ...$1",
  "Fri2": "ĉ¹¤ÇÃ¨ÐàÍÒÁÍàµÍΓä«ʹÁÒ˴ÇÂ...$s#$q 6002/6003 question_2#à¤ÂǣˋÒÇ?#$r 6002 15 q_myes#à¤ÂƊ..#$r 6003 0 q_mno#äˑà¤ÂÍÐ",
  "q_myes": "â̍ĉ¹ʁƱàËȑÍ¹ā¹ ġ¹ʺÇÂä˴ÁÒ¡àÅÂµÍ¹ чĉ¹ä»¡ĥºÁËÒĥÂ!$1#$b#Ȥ³ÍÂÒ¡ÅÍ§вāºĉ¹äËÁ!! $1",
  "q_mno": "äˑËÃÍá˒Ĉ§...$2",
  "question_2": "$p 6002#ºÒ§Ƨĉ¹ÍÒ¨¨Ð¾ÒȤ³ä»àчÂÇāºĉ¹Ī¡ħ¹#$b#Ȥ³à¤ÂàÁÒǣˋÒÇäˑ | Ȥ³ıÒĥ§¾ÅÒ´ä»¨ƃ§æ @! $1",
  "Mon4": "щæ @ Ȥ³ŇÒ§Ò¹Ëę¡µÃÍ´àÅÂ¹Ð#$b#Ğ¡˺Ò§ʁä˴¹Ð#$b#..ĉ¹áʴàʛ¹˛Ç§ˉÐ$1#$b#á˅ʁ¾ÂÒÁàˢÒ¹Ð¤Ð!$1",
  "Tue2": "¹ÒÂƱЁ§ä́ŵ´¼ÁȤ³ˉÐ ^ à¸ÍƱЁ§ä́ŵ´¼ÁȤ³ˉÐ#$b#µÍ¹׉ËÒÂä»á̅Ç$1",
  "Tue6": "* ¶Í¹ËÒÂã¨ * ä§ħ¹׉ĉ¹äˑړ¨Ð àУÁŇÒÍÐäÃʱÍ¹Ƥ..$2",
  "Wed4": "ĉ¹ÊÒºÒ¹ä˴˗Òàʫ¹ ˡÍ¹ƺàƒÂÇàʥ¡æ чɸ¹ΒȪÁª¹àұÍħ¹ʱÍ¹ á»Å¡ãʺ́ÐÂ",
  "Wed2": "ĉ¹Ť´˗ÒàÃÒıÒĥ§àУÁ àˢÒā¹ä˴á̅Ç¹Ð @ ˶ÒȤ³˵Í§¡ÒÃÍÐäÃÁÒËÒĉ¹ä˴¹Ð! $1",
  "Thu2": "ĉ¹Ê§ĪÂ˗ÒµÍ¹׉¾Ç¡à¢Ò ıÒĥ§ŇÒÍÐäÃÍԒ...$0#$e#ÍÒÃÒÂÂ ĉ¹ʁáʴÍÂÒ¡ړÍÐ$1",
  "Thu4": "ĉ¹ä˴Ƃ¹ÁÒ˗Òà¾¹Ʃ àʛ¹¤ɳã̋àʔ¡ã¹àȑÍ§׉ #$b#Ɋ´ÂÍ´ä»àÅÂ˗ÒäËÁ$1",
  "Thu10": "ĉ¹˗Ò¹Ò¹æƧĉ¹ˉÒ¨Ð ä»¤ƵŹ¤ɤ¹Ð#$e$#ĉ¹ã˪àÇÅÒāºËę§ȚÍ ÁÒ¡àš¹ä»ǣˋÒÇ..",
  "Fri3": "Ȥ³ړÍÐäÃäËÁĉ¹Ť´˗ÒàȑÍ§׉àËÁÒÐāºĉ¹ÁÒ¡æ#$e#ġ¹äˑãʺ¡Ƀ§à·¾ á˅Ī¡ħ¹ĉ¹¤§˵Í§¡ĥºä»$2",
  "Fri4": "Ȥ³Ê¹ã¨¨ÐàƳÂ¹àҳÍ§ÀÒÉÒǣˋÒÇ? ĉ¹ÊÍ¹ã̋ä˴¹Ð˶ÒȤ³Ê¹ã¨$1",
  "Sat": "ĉ¹Ê§ĪÂ˗Ò˶Òĉ¹¡ĥº˺Ò¹ä» ¤ÃÍº¤ģÇĉ¹¨Ðàʛ¹ä§#$e#̽Ðĉ¹Ģ§äˑä˴˚§ ˢÍ¤ÇÒÁä»ËÒ¾Ç¡à¢ÒàÅÂ",
  "Sat2": "ĉ¹Ѿ§ŇÒàÃÒàµÍΓĞ§ä»ˉÐ$2#$b#àƺÂ´ÒÂäˑƱ̃Ò¹ʻÍÁ ɍ»¡Ã΃ÍԒã¡̅чщ$2",
  "Sat4": "à¾¹Ʃà¸Íàʛ¹­ÒŵчƤ¹Ð à¸Íã¨ƤÁÒ¡æàÅÂ#$b#àÃÒƱÍÐäÃчàËȑÍ¹ā¹ÁÒ¡æ$1 ",
  "Sun": "ĉ¹Ê§ĪÂ˗ÒµÍ¹׉ àÍƁѕıÒĥ§ŇÒÍÐäÃÍԒ... #$e#ÍÐ..ä§˵Í§¡ÒÃÍÐäÃǣˋÒÇ?",
  "Sun2": "ä§Ȥ³ªÒÇÊÇ¹ÍÒ¡ÒÈƤãʺäËÁ",  
  "Sun8": "щ @  ħ¹׉Ȥ³ɤƤÁÒ¡àÅÂ¹Ð ËȓÍà¾ÃÒÐĉ¹ä˴¹Í¹ àʕÁЭÁā¹¹Ð $1",
  "spring_12": "à·È¡ÒÅäʲƽÊàµÍΓ ǴÍ¾ӣ§׉!! Ȥ³¨Ðä»äËÁ? $1#$b#Í´ã¨ÃÍäˑäËÇá̅ÇǷÍÍ$1",
  "spring_23": "à·È¡ÒÅ´Í¡ä́ ǴÍħ¹¾ӣ§׉ãʺäËÁ #$b# ğ§ɤˉÒÊȹ¡¹Ð¨Ðä˴ã˪ Ȫ´чà¾¹Ʃã̋ÁÒĪ¡Ƨ",
  "summer_Mon": "ÍÒÒ.. ÍÒ¡ÒÈ̃Í¹ÁÒ¡àÅÂ¹Ð... $2#$e#׉ @ ¾ÍƱÍÐäÃàʢ¹æäËÁ? ĉ¹̃Í¹ÁÒ¡àÅÂ....",
  "summer_Mon2": "ĉ¹ÃÍäˑäËÇá̅Ç! $1#$b# ŇÒäÁ˕Ðà¾ÃÒÐħ¹àš´ĉ¹ıÒĥ§¨ÐÁÒǖ§ä§˕Ò!!",
  "summer_Mon4": "˵Í§ŇÒ§Ò¹Ëę¡#$b#àËұÍ¹à¤ÂƊ¹Ð @ ¾ÂÒÁàˢÒ$1",
  "summer_Tue": "àұÍħ¹ʱÍ¹ĉ¹ÅÍ§µ¡»ÅÒ˴ÇÂË˕Ð$1#$b#ãʺĉ¹µ¡äˑä˴Ī¡ĕÇ $4",
  "summer_Tue2": "@ Í˒ÒȕÁҤÁթÒ áÅÐ¾ÂÒÂÒÁÍԒã¹ч˓Á!#$b#àˢÒã¨äËÁ $1#$b#ĉ¹áʴàʛ¹˛Ç§ˉÐ",
  "summer_Tue4": "Í˒Ò§˹ÍÂч׉Ģ§ÍÒ¡ÒÈƤ ¡˗Òчä·Â#$b#ÍÂÒ¡ÅÍ§»ɵ¡Ĝ¡àËȑÍ¹Ȥ³Ĉ§... $1",
  "summer_Wed": "Ȥ³ړÍÐäÃäËÁ @#$b#ĉ¹Ť´˗ÒȤ³àʛ¹¤¹ŇÒ§Ò¹ Ëę¡чɊ´чĉ¹ړĈ¡$7",
  "summer_Wed2": "Ȥ³Ê¹ã¨ч¨Ðä»àчÂÇ·ÐàÅāºĉ¹äËÁ #$b# ŇÒÍÐäÃˉÐËÃÍˉÐ§ÃÍºæä§$1#$b#áʴˉÐ§à˕¹à©Âæ $1",
  "summer_Wed4": "ä§Ȥ³ªÒÇÊÇ¹$b#$b#ĉ¹˗Òĉ¹àУÁ̃Í¹á̅ÇƊ..$2",
  "summer_Sat": "á´´̃Í¹Ĉ§ żÇĉ¹á̋§ ËÁ´á̅Ç¹Ð$2",
  "summer_Sat2": "¤ƳÁā¹á´´ĉ¹àО§ËÁ´$2#$e#Ëħ§˗ÒŻáÍΓ¨ÐƱã¹ÊʕÍ¡¹Ð$2",
  "summer_Sat4": "ºÒ§¤̃Ð§ĉ¹ړǪ¡ÃÒÇāº˗Ò...#$b#ĕÇàÍ§àʛ¹ ÀÒÃÐ¢Í§á¾Á āº à¾¹Ʃ$2#$b#ĉ¹ÍÂÒ¡ʺÇÂ¾Ç¡à¢Ò ä˴ÁÒ¡¡˗Ò׉˺Ò§Ĉ§",
  "summer_Thu": "щ...àÇÅÒ˗Ò§æ Ȥ³ä˴µ¡á˅§˺Ò¹ǣà»˕Ò?#$e#Ã¶˺Ò¹ ĉ¹خ¹ч˹ÍÂˉÐ àÅÂäˑړ¨ÐĈ´Ģ§ä§",
  "summer_Thu2": "ä§ @ ĉ¹áʴŤ´ǖ§Ȥ³ #$e# ħ¹׉àʛ¹Ģ§ä§˺Ò§",
  "summer_Thu4": "* ËÒÇ * ĉ¹àҪÍÁÒ¡ ... $2#$b#á¶Ç׉äˑƱÍÐäÃã̋ŇÒ ¹Í¡¨Ò¡àŴ¹Ç¹àʛ¹Ç§¡ÅÁ $3",
  "summer_Thu8": "@ Ȥ³ÁÍ§ËÒÍÐäÃã¹ĕÇ¤¹? #$b#˚Ç¹ɺ§?...#$b#ĥ¡É³Ð·Ò§Ũµ?...#$b#Ⱥ¤ƅ¡?...#$b#áʴ¶ÒÁ ... à˝ÍŚÒËģºàҮÍ¹ˉÐ#$e#",
  "summer_Sun": "ÍÂÒ¡ƱȪ´ҽ¹ã˚Ĉ§...$2#$e#ˉÒ¨ÐƱ̃Ò¹àغÍ˼ÒÁÒàŻ´á¶Ç׉¹Ð$0",
  "summer_Sun2": "ä§ @ ã¹чɊ´ʁċÁàÁÍΓĪ¡Ƨ$1#$e#ĉ¹¨Ðä˴Ğ¡¨Ò¡¡ÒÃ ŇÒÃÒÂ§Ò¹Ī¡Ƨ$1",
  "summer_Sun4": "ÍÒ¡ÒÈáºº׉ŇÒã̋ĉ¹äˑÍÂÒ¡ÍÍ¡¨Ò¡˺Ò¹ #$b# ã¹˺Ò¹àš´àʱÒ¢Í§ĉ¹ʁ̃Í¹áºº׉áËÅÐ",
  "summer_Fri": "чщ @ ҤÁá̅Çã̋˓Ò§¡ÒÂӊÁؚ¹ËˉÍÂ [167]",
  "summer_Fri2": "à˝Í @? Ȥ³âÍà¤äËÁħ¹׉Ȥ³ɤäˑʴÍÂƤ #$b# ÁÒщ¾ÂÒÂÒÁŇÒã̋˓Ò§¡ÒÂӊÁؚ¹ËˉÍÂ [167]",
  "summer_Fri4": "׉ @ Ȥ³Ӣ§āº¡ÒÃŇÒ§Ò¹˺Ò¹ǣˋÒÇ#$b#ĉ¹Ëħ§˗ÒàÃÒ¨ÐƱàÇÅÒ Թ§ȤÂā¹Ī¡ËˉÍÂ#$b#ÍÒ¨¨Ð˵Í§ËÒËę§ȚÍÁÒ˝Ò¹ $1",
  "summer_10": "ĉ¹ä˴Ƃ¹ÁÒ˗Ò ĥÇΓ ǴÍħ¹¾ӣ§׉..#$e#Ëħ§˗Ò¨ÐäˑƱã¤ÃŇÒȫ»àÅÍÐà·ÍÐ¹Ð#$e#á́˗Òġ¹¨Ðàʛ¹àҳÍ§µÅ¡ч¨ÐâÂ¹ÍÐäÃ#$e#Å§ä»ã¹˹Ð¹ $1#$b#á˅̋ÒÁŇÒ¹Ð! $5",
  "summer_27": "ĉ¹äˑà¤Âàʫ¹ áÁ§¡Ð¾Ƀ¹ÁÒʱÍ¹ â´Âà©¾ÒÐ áÁ§¡Ð¾Ƀ¹чàȓÍ§áÊ§#$e#àұÍƫчá̅Çĉ¹¾ÅÒ´äˑä˴àʫ¹ à¾ÃÒÐĉ¹à¼ÅÍËĥºÍÐ$4#$b#áÅÐäˑƱã¤Ã»Ʌ¡ ĉ¹àÅÂĪ¡¤¹ * ¶Í¹ËÒÂã¨ * $2 ",
  "fall_Mon": "ÊħÊƤ @! #$e# ÍÒ¡ÒÈàʢ¹ע¹àҳÍÂæ àÅÂĉ¹Ť´˗Ò¨Ðä˴ÍÍ¡ ä»ˢÒ§¹Í¡ˊÍÂע¹",
  "fall_Mon2": "ÊħÊƤ @ #$e# ħ¹׉Ȥ³Ӣ§äËÁ",
  "fall_Mon4": "ĸÒħ¹áÃ¡чàÃÒà¨Íā¹ä˴äËÁ @? #$b#ĉ¹áˉã¨˗ÒˉÐ¹¨Ðàʛ¹ ¤̃Ð§Ɋ´˷ÒÂчàÃÒ¨Ðä˴à¨Íā¹ á˅ɤƊ˗ÒµÍ¹׉àÃÒ Ģ§ȤÂā¹ÍԒàÅÂ $1",
  "fall_Tue": "ã¹чɊ´ʁàʛ¹àҳÍ§Ƥчä˴ÍÍ¡¨Ò¡ÍÒ¡ÒÈ̃Í¹Ī¡Ƨ",
  "fall_Tue2": "ʺÇ§׉ɋºà¢ÒɤÊÇÂÁÒ¡àÅÂ #$e# ĉ¹ˉÒ¨ÐàÍÒ¡̅Í§ÁÒ˴ÇÂ ... ",
  "fall_Tue4": "Ë˗ÒÒÒÒ ÍÒ¡ÒÈƤĈ§ $1#$b#Ȥ³Ť´˗Òä§?$7",
  "fall_Wed": "ƱºÒ§Í˒Ò§ч ÊÇÂ§ÒÁáÅÐˉÒàÈ̃Ò àбÂÇāºãºä́º¹˵¹ä́ $7#$b# ġ¹àʛ¹Ī­ĥ¡É΃ ¢Í§¤ÇÒÁ§ÒÁ ƚƇµ ¤ÇÒÁµÒÂ áÅÐ ¡ÒÃ˅ÍÍÒɂºÒ§Ƨ˵¹ä́ ã¹ĕÇġ¹àÍ§ʁà»ƳÂº ä˴āºƚƇµ¢Í§àÃÒ$3#$b#ĉ¹Ť´ÁÒ¡ä»àÍ§àËÃÍ#$e#ËȓÍĉ¹˝Ò¹ÇÃÃ³¡ÃÃÁÁÒ¡ä»$1",  "fall_Wed2": "Ȥ³à¤Âàʫ¹´Í¡ «ÒȡÃÐÁÒʱÍ¹ǣˋÒÇ @ ¾Ç¡ġ¹ƱЖ¹ıÒàŹ´ ã¹ччĉ¹à¤Âä»àчÂÇ áÅÐĉ¹˗ÒȤ³ Ë˹Ò¨Ðä˴àʫ¹ġ¹µÍ¹ºÒ¹ÊÐ¾˓Ð§¹Ð $7",
  "fall_Thu": "ʺÇ§׉¢Í§ƫƱÅÁáÃ§! $ h #$e# ĉ¹ړ˗ÒщÍÒ¨ğ§ɤàʔ¡ä»ËˉÍÂ á˅ĉ¹ªÍº¡ÃÐâ´´Å§ä»ã¹¡Í§ãºä́! $1",
  "fall_Thu2": "ĉ¹Ê§ĪÂ˗Ò Sen ıÒĥ§ŇÒÍÐäÃÍԒ #$e# â̍à݋ÂÇʱÍ¹ÍÒ¡ÒÈƤË˹Ò˝Ò¹Ëę§ȚÍÁÒ¡",
  "fall_Thu4": "ڌªÒÂ¤ƅ¹·¤¹˹Ð¹˨Í§ä»чàÍƁѕ...$5#$b#ĉ¹äˑªÍºàÅÂ $5",
  "fall_Fri": "ĉ¹¤ÇÃ˚§â»Ê¡ÒΓ´ ã̋ˎÍáˑ¢Í§ĉ¹#$b#á˅ĉ¹˵Í§ ä˴ƽ¡ÊÒÁãº ŚÒËģºюÊÒÇáÅÐ˹Í§ÊÒÇ ¢Í§ĉ¹ $1",
  "fall_Fri4": "Ɋ´Ī»´ÒΛȤ³Ť´ÍÂÒ¡¨ÐŇÒÍÐäÃ @ äËÁ?$7#$e#ĉ¹ˉÒ¨ÐËÒËę§ȚÍ ÁÒ˝Ò¹¹Ðá˅ ˶ÒȤ³˗Ò§ÁÒËÒĉ¹ä˴¹Ð à݋ÂÇã̋ȒÁËę§ȚÍ $1",
  "fall_Fri8": "ĉ¹ÃÍäˑäËÇá̅Çч ¨ÐʸÒÂʴÒ˺Ò¹ àʛ¹¢Í§ĕÇàÍ§#$b#ĉ¹Ëɂ´ĝ¹¡ÅÒ§ħ¹Ƥ¡˗Ò.. $1",
  "fall_Fri10": "@ àұÍȤ³ÍԒã¡̅æ... ĉ¹ړǪ¡ÊºÒÂã¨ $4#$e#ĉ¹ړ˗Òġ¹á»Å¡ á˅ġ¹àʛ¹àҳÍ§¨ƃ§¹Ð $4",
  "fall_Sat": "ÍÒÃÁ΃Ë˗Ð¹äËÇ׉ġ¹ÍÐäÃ ËȓÍĉ¹š¹ ¡Òá¿àÂÍÐä»ǣˋÒÇ $4",
  "fall_Sun": "ÍÒ¡ÒÈáºº׉ ŇÒã̋ĉ¹ړǪ¡ƤÁÒ¡$7#$b#ÍÒ¡ÒÈƤÁÒ¡ŚÒËģº ¡ÒÃЧ§àʛ¹äÁΕ! $1#$b#̅Íà˕¹ˉÐ ˞Ò˞Ò $1",
  "fall_15": "Ȥ³à¤Âä» à·È¡ÒÅáÊ´§Ɗ¹ˤÒ äËÁ$7#$e#ÍÂÒ¡ä»ɤĈ§˗ÒƱÍÐäÃчĉ¹¨ÐàƒÂ¹ÃÒÂ§Ò¹˚§ч ÁËÒĥÂä˴ºÒ§$1",
  "fall_26": "à·È¡ÒÅɰŵ ǴÍ¾ӣ§׉Ȥ³ÇÒ§á¼¹¨Ðä»äËÁ#$b#ĉ¹Ť´¨Ðá˅§ĕÇ á˅ĉ¹Ť´˗Òĉ¹¨ÐŇÒÁÒ¡ä»ËˉÍÂ",
  "winter_Mon": "Ȥ³ÁÒà¨Íĉ¹ã¹ÊÀÒ¾ÍÒ¡ÒÈáºº׉ $4#$b#Ȥ³ÍÒ¨¨Ð ¡̅ÒËȓÍ˺Ò ĉ¹äˑړ¹Ð!$5#$e#á˅Ȥ³ʁ˵Í§ɤáÅĕÇàÍ§˴ÇÂړäËÁ! $5",
  "winter_Mon2": "ħ¹ʱÍ¹ºÍ¡á̅Çä§! $5#$e#ĉ¹àʛ¹˛Ç§¹Ð! $5",
  "winter_Mon8": "Ȥ³à¤ÂƱ¤ÇÒÁģ¡ äËÁ$7#$e#ŚÒËģºĉ¹ġ¹... ˉÒ¡ĥÇ$2#$b# ˞Òæ ĉ¹̅Íà˕¹ˉÐ! $1#$e#.... $4 ",
  "winter_Tue": "ĉ¹˵Í§àУÁÍÍ¡ıÒĥ§¡ÒÂã¹˓Á¨ƃ§æ#$e#ÍÒ¡ÒÈáºº׉ŇÒã̋ĉ¹ֲàƑÂ¨",
  "winter_Tue2": "à¾¹Ʃã̋Ëę§ȚÍĉ¹ÁÒ˝Ò¹˴ÇÂáËÅÐ#$b#à¸Íàʛ¹¤¹ƤÁÒ¡àÅÂ à¸ÍäˑªÍº ɮ´ǖ§àҳÍ§׉àÅÂ¹Ð ƎƎ $1",
  "winter_Wed": "ĉ¹ÊÒÁÒÃ¶ä»ËÒʊÍ¤â¡áÅµ̃Í¹ƤæĪ¡˶ÇÂä˴¨ƃ§æàƺÂ´ÒÂч Gus äˑƱÍÐäÃã̋àÅÂ",
  "winter_Wed2": "ɤƊȤ³˵Í§Ë¹ÒÇáˉæ!#$b#ĉ¹à´Ò˗ÒäˑƱÍÒ¡ÒÈáººäË¹Ëɂ´Ȥ³ä˴ËÃÍ¡Ȥ³ $1#$b#ɤáÅĕÇàÍ§ËˉÍÂà¶ÍÐ¹Ð $4",
  "winter_Thu": "* ¶Í¹ËÒÂã¨ * ¢Ò¢Í§ĉ¹áʂ§¨Ò¡¡ÒÃˉÐ§à©Âæã¹˺Ò¹",
  "winter_Thu2": "щ @ ĉ¹áʴŤ´ǖ§Ȥ³#$e#ÊºÒÂƤäËÁ$7",
  "winter_Fri": "àұÍÇÒ¹ħ¹׉ ĉ¹àËҩÍÂɊ´æ! ĉ¹Ť´˗Òĉ¹¤ÇÃä˴Ğ¡āº ä˴à¤ҳÍ§ҤÁӭ¹æàҮÍáÊ´§ ¤ÇÒÁƂ¹ƤāºĕÇàÍ§ $1",
  "winter_Fri8": "юÊÒÇ¢Í§ĉ¹àО§˚§¢Í§ÁÒã̋ĉ¹·Ò§ä»ÃÉƣΒ #$b# à¢Òã̋ĉ¹àОÁŹ´ËˉÍÂĉ¹ÍÂÒ¡ã̋Ȥ³Ʊ˺Ò§! [221]",
  "winter_Sat": "ã¡̅¨ÐËÁ´ƫá̅ÇȤ³àҚÍäËÁ˗ÒàÇÅÒˌÒ¹ä»àʣÇáʴäË¹ #$e# ĉ¹˵Í§˚§â»Ê¡ÒΓ´ã̋¤ÃÍº¤ģÇ",
  "winter_Sun": "á˒Ĉ§ĉ¹Ģ§äˑä˴ä»ȒÁËę§ȚÍÁÒàÅÂ $2",
  "winter_7": "Ʊà·È¡ÒÅà©¾ÒÐթÒáʂ§àËÃÍ#$b#̇ÒÇчщƱ¤Ãº¨ƃ§æ...$7 ",
  "winter_24": "̇ÒÇ§Ò¹àוÂ§á˛§´ÒÇÄɤË¹ÒÇ¨ÐƱע¹ã¹ħ¹¾ӣ§׉ËȓÍà»˕Ò#$b#ĉ¹Ê§ĪÂ˗Òã¤Ã¨Ðä˴¢Í§¢ħ­ĉ¹...#$b#ĉ¹¨Ðä˴ÍÐäÃ˺Ò§ĉ¹äˑړºÒ§Ƨĉ¹ÍÒ¨¨Ðàʛ¹ĕÇàÍ§˞Ò˞Ò!$1#$b#¢Í§¢ħ­Ɋ´ÎÍµ»ÃÐĸÒƫ ׉ģºʱÍ¹ч¨ÐËÁ´ä» ˞Òæ $1",
  "stardrop_gift": "ĉ¹ÍÂÒ¡¨ÐÁÍºЪ§׉ã̋Ȥ³Ȥ³Ʊ¤ÇÒÁËÁÒÂāºĉ¹ÁÒ¡¢ÍºȤ³ŚÒËģºȷ¡Ъ§¹Ð Ȥ³ ªÒÇ ¹Ò$7#$b#...... ..$4",
  "give_flowersA": "Ȥ³ړä˴Ģ§ä§˗Òщ ǴÍ´Í¡ä́чĉ¹ªÍº$1#$b#Ȥ³ËÁÒÂǖ§ ... ?$3#$b#ĉ¹..ºÍ¡äˑɦ¡àÅÂĉ¹¨Ðɮ´ÍÐäÃƤ @! ^ à¸Íàʛ¹..¤¹чˉÒģ¡ÁÒàÅÂ @!  ĉ¹..ºÍ¡äˑɦ¡àÅÂĉ¹¨Ðɮ´ÍÐäÃƤ$1#$b#áˉ¹Í¹ĉ¹¨Ðàʛ¹á¿¹à¸Í! ړäËÁĉ¹ÃÍȤ³ÁÒ¹Ò¹ áʴч¨¹ǖ§ħ¹׉ $1 ",
  "give_flowersB": "Ȥ³ړä˴Ģ§ä§˗Òщ ǴÍ´Í¡ä́чĉ¹ªÍº$1#$b#Ȥ³ËÁÒÂǖ§ ... ?$3#$b#ĉ¹..ºÍ¡äˑɦ¡àÅÂĉ¹¨Ðɮ´ÍÐäÃƤ @! ^ à¸Íàʛ¹..¤¹чˉÒģ¡ÁÒàÅÂ @!  ĉ¹..ºÍ¡äˑɦ¡àÅÂĉ¹¨Ðɮ´ÍÐäÃƤ$1#$b#áˉ¹Í¹ĉ¹¨Ðàʛ¹á¿¹à¸Í! ړäËÁĉ¹ÃÍȤ³ÁÒ¹Ò¹ áʴч¨¹ǖ§ħ¹׉ $1 ",
  "give_pendant": "Ȥ³˵Í§¡ÒÃá˅§§Ò¹āºĉ¹äËÁ $3 #$b# I -... áˉ¹Í¹! $4 #$b# ĉ¹¨Ðɮ´āº¹ÒÂ¡à·ÈÁ¹µƳäˑ˵Í§ā§ÇÅàҳÍ§¡ÒÃàµƳÂÁ¡ÒÃ $4 #$b# ¤̃Ð§á̅Ç¤̃Ð§à˕ÒȤ³äˑà¤Â̅ÁàËÅÇч¨ÐŇÒã̋ĉ¹µ¡ËɅÁģ¡Ȥ³ĉ¹ÃÍħ¹á˅§§Ò¹¢Í§àÃÒäˑäËÇá̅Ç! $4 ",
  "reject_two_heartA": "Ȥ³Ê¹ã¨ĉ¹äËÁ$3#$b#¢Íâ·É¹ÐàÃÒ äˑä˴ÊŹ·ā¹ Í˒Ò§чŤ´ àÃÒǴÍ...$2",
  "reject_two_heartB": "ġ¹àʣÇàš¹ ä»ŚÒËģºЪ§˹Ð¹Ȥ³äˑŤ´ËÃÍ $3",
  "cheat_four_heartA": "щġ¹ˉÒǭ´ĭ´ $3#$b# ¢Íâ·É¹Ðĉ¹áʴŤ´˗ÒàÃÒäˑä˴ÍԒã¹ ÃÐĔºàƤÂÇā¹... ч¨ÐړǪ¡ÍÐäÃáºº׉$2",
  "reject_four_heartB": "ˉÐ¹¨Ðàʛ¹àҳÍ§ÂÒ¡ŚÒËģºĉ¹...$2#$b#ĉ¹äˑŤ´˗ÒàÃÒ¨ÐàˢÒā¹ä˴ÁÒ¡¾Í ... $3",
  "EngagementA": "Ȥ³äˑä˴Ë́Ð¹ËÃÍ $3",
  "EngagementB": "Ȥ³Ʊá̅ÇËɂ´àÅÂ $5",
  "marriedA": "Ȥ³˵Í§¡ÒÃÁÒ¡ àˇÒäË¹ǖ§¨Ð¾Í!$5#$b#Ȥ³á˅§§Ò¹á̅Ç!$5",
  "marriedB": "Ȥ³¨ÐỄÒ§ÎÒàʣÁËÃÍ! ĉ¹äˑ¢ÍºË˹ÒȤ³àÅÂ$5",
  "refusal_no_heartsA": "щàʛ¹àҳÍ§µÅ¡ËÃÍ? $5",
  "refusal_no_heartsB": "µÅ¡Ƥщà˕¹µÅ¡àËÃÍ¡̅Í§ÍԒäË¹ $3",
  "refusal_knownA": "ĉ¹äˑÍÂÒ¡ ɮ´áººËÂÒº¤ÒÂ á˅...ĉ¹äˑړǪ¡ áººàƤÂÇā¹āºȤ³$3",
  "refusal_knownB": "ĉ¹¢Íâ·Éĉ¹äˑä˴ړǪ¡áººàƤÂÇā¹...$3",
  "refusal_botherA": "äˑÊ¹ã¨àҮÍ¹ $3#$b# àƳÂ¹ړĪ¡ч?$3",
  "refusal_botherB": "... $5#$b# Ȥ³ŇÒã̋ĉ¹â¡Ã¸ $5",
  "event_Ann1": "... ! $4",
  "event_Ann2": "áˉ¹Í¹àÃÒÊÒÁÒÃ¶ã˪àÇÅÒ˓ÇÁā¹чщä˴µÅÍ´àÇÅÒĉ¹äˑģ§àƑÂ¨",
  "event_Ann3": "ĉ¹à´Ò˗Òġ¹àʛ¹ÍÐäÃчƤÁÒ¡æàÅÂ... $7"
}