{
    "Introduction": "เดี๋ยวก่อนคุณต้องเป็นเกษตรแน่ๆเลย#$b#ฉันชื่อ แอน นะยินดีที่ได้รู้จัก$1#$e#ฉันเพิ่งย้ายมาน่ะฉันเป็นญาติห่างๆของ เพนนี น่ะ..",
    "danceRejection": "ไม่หล่ะ ขอบคุณ..",
    "Divorced": "ขอโทษนะ ฉันไม่อยากเห็นน่าคุณ..$5",
    "secondChance_Girls": "ฉันว่าเรากลับมาเริ่มใหม่ด้วยกันได้นะ...$4",


	"Mon": "นี้ @ คุณเอาเสื้อผ้ามาจากไหนน่ะ สวยดีนะ$1",
    "Tue": "อืม..ขอโทษตอนนี้ ฉันอารมณ์ไม่ดี @ $2#$e#ฉันเข้านอนตอนตี 2 แต่ตอนนี้ฉันตื่นขึ้น มาก็เช้าแล้ว$3#$e#ฉันไม่ควร ได้ดื่มกาแฟสี่แก้ว สินะ",
    "Wed": "คุณรู้ไหมว่าฉันอยู่คณะ Digital Art หล่ะ แต่ฉันชอบ งานวรรณกรรมนะ$1#$b#สักวันฉันจะพาเพนนีไปเรียนกับฉันให้ได้!!$1",
    "Thu": "สวัสดี @ คุณมาที่นี่เพื่อให้ฉันเป็น เลขาบริษัท ฟามของคุณรึป่าวว$1#$b#ฮ่าๆ ฉันล้อเล่นน่ะ ฉันไม่อยากทำให้คุณยุ่งนะ ไปทำงานต่อเถอะ",
    "Fri": "สวัสดี @ คุณได้ทำอะไรสนุกๆ ในช่วงสุดสัปดาห์รึป่าว?#$b#ฉันอยากไปอ่านหนังสือแล้วง่ะ...$1",
    "Sat": "ฉันสงสัยว่าถ้าฉันกลับบ้านไป ครอบครัวฉันจะเป็นไง#$e#อ๊ะฉันยังไม่ได้ส่ง ข้อความไปหาพวกเขาเลย",
	"Sun": "ว่าไง @. ฉันแค่สงสัยว่าคุณ มีเวลาว่างรึป่าวน่ะ.. #$e#ก็เห็นฉันเห็น คุณทำงานตลอด เวลาเลยนี่?",
	

    "Resort_Entering": "เย้! ถึงแล้ว!!$1",
    "Resort_Leaving": "ง่ะ ต้องกลับแล้วสิ...$2",
    "Resort_Shore": "มาชายหาดทั้งที ก็ต้องเล่นน้ำสิ!!$1#$e#ชักจะเริ่มหิวแล้วสิ..$0",
    "Resort_Chair": "นานๆทีได้ออกจาก หน้าหนังสือก็ดี เหมือนกันนะ$1#$e#ถึงจะพูดอย่างนั้น ฉันก็เอาหนังสือ มาด้วยเนี่ยสิ แฮะๆ$1",
    "Resort_Bar": "หาดทราย ทะเล แสงแดด ต้องมะพร้าว สินะ!$1",
    "Resort": "อยากชวนน้องสาว ฉันมาที่นี่สักครั้งจัง @! $1#$e# @ ถ้าคุณว่างแล้ว เราไปดูแนวปะการังด้วยกันไหม?$4",


    "Mon2": "นี่! @ #$q 6000/6001 question_1#คุณเคยไปกรุงเทพรึป่าว#$r 6000 15 q_yes#เคยสิ!#$r 6001 0 q_no#ไม่อะ ..",
    "q_yes": "เยี่ยม! ฉันเคยอยู่ที่นั่นมาก่อนที่จะย้ายมาที่นี่ $1",
    "q_no": "ไม่หรอมันก็ไม่เลวร้ายเท่าไหร่นะ$2#$b# บางทีคุณควรวางแผนการเดินทางไปที่นั่นนะ!$1",
    "question_1": "$p 6000#ฉันเริ่มคิดถึงบ้านถ้าคุณถามฉันแบบนี้ | กรุงเทพเป็นสถานที่ ที่ไม่เหมือนที่อื่นแน่นอน#$b#ถ้าคุณไม่สนใจเรื่อง เสียงลบกวนน่ะนะ",
    "Fri2": "ฉันควรจะเอามอเตอร์ไซค์มาด้วย...$s#$q 6002/6003 question_2#เคยขับรึป่าว?#$r 6002 15 q_myes#เคยสิ..#$r 6003 0 q_mno#ไม่เคยอะ",
    "q_myes": "โอ้ฉันก็มีเหมือนกัน มันช่วยได้มากเลยตอน ที่ฉันไปกลับมหาลัย!$1#$b#คุณอยากลองขี่กับฉันไหม!! $1",
    "q_mno": "ไม่หรอแย่จัง...$2",
    "question_2": "$p 6002#บางทีฉันอาจจะพาคุณไปเที่ยวกับฉันสักวัน#$b#คุณเคยเมารึป่าวไม่ | คุณกำลังพลาดไปจริงๆ @! $1",
	
    "Mon4": "นี่ๆ @ คุณทำงานหนักตรอดเลยนะ พักบ้างก็ได้นะ ..ฉันแค่เป็นห่วงน่ะ$1#$b#แต่ก็พยามเข้านะคะ!$1",
    "Tue2": "นายมีกิ่งไม้ติดผมน่ะ ^ เธอมีกิ่งไม้ติดผมน่ะ#$b#ตอนนี้หายไปแล้ว$1",
    "Tue6": "* ถอนหายใจ * ไงวันนี้ฉันไม่รู้จะ เริ่มทำอะไรก่อนดี..$2",
    "Wed4": "ฉันสาบานได้ว่าเห็น ก้อนสีเขียวเล็กๆ ที่ศูนย์ชุมชนเมื่อวันก่อน แปลกใช่มั้ย",
    "Wed2": "ฉันคิดว่าเรากำลังเริ่ม เข้ากันได้แล้วนะ @ ถ้าคุณต้องการอะไรมาหาฉันได้นะ! $1",
    "Thu2": "ฉันสงสัยว่าตอนนี้พวกเขา กำลังทำอะไรอยู่...$0#$e#อารายย ฉันก็แค่อยากรู้อะ$1",
    "Thu4": "ฉันได้ยินมาว่าเพนนี เป็นครูให้เด็กในเมืองนี้ #$b#สุดยอดไปเลยว่าไหม$1",
    "Thu10": "ฉันว่านานๆทีฉันน่าจะ ไปคลีนิคดูนะ#$e$#ฉันใช้เวลากับหนังสือ มากเกินไปรึป่าว..",
    "Fri3": "คุณรู้อะไรไหมฉัน คิดว่าเมืองนี้เหมาะ กับฉันมากๆ#$e#มันไม่ใช่กรุงเทพ แต่สักวันฉันคง ต้องกลับไป$2",
    "Fri4": "คุณสนใจจะเรียนเรื่อง ภาษารึป่าว? ฉันสอนให้ได้นะ ถ้าคุณสนใจ$1",
    "Sat2": "ฉันพึ่งทำเราเตอร์พังไปน่ะ$2#$b#เสียดายไม่มีร้านซ่อม อุปกรณ์อยู่ใกล้ที่นี่$2",
    "Sat4": "เพนนีเธอเป็นญาติที่ดีนะ เธอใจดีมากๆเลย#$b#เรามีอะไรที่เหมือนกันมากๆ$1 ",
    "Sun2": "ไงคุณชาวสวนอากาศดีใช่ไหม",
    "Sun8": "นี่ @  วันนี้คุณดูดีมากเลยนะ หรือเพราะฉันได้นอน เต็มอิ่มกันนะ $1",
    "spring_12": "เทศกาลไข่อีสเตอร์ คือพรุ่งนี้!! คุณจะไปไหม? $1#$b#อดใจรอไม่ไหวแล้วงืออ$1",
    "spring_23": "เทศกาลดอกไม้ คือวันพรุ่งนี้ใช่ไหม #$b# ฟังดูน่าสนุกนะจะได้ใช้ ชุดที่เพนนีให้มาสักที",
    "summer_Mon": "อาา.. อากาศร้อนมากเลยนะ... $2#$e#นี้ @ พอมีอะไรเย็นๆไหม? ฉันร้อนมากเลย....",
    "summer_Mon2": "ฉันรอไม่ไหวแล้ว! $1#$b# ทำไมล่ะเพราะวันเกิดฉันกำลังจะมาถึงไงล่า!!",
    "summer_Mon4": "ต้องทำงานหนัก เหมื่อนเคยสินะ @ พยามเข้า$1",
    "summer_Tue": "เมื่อวันก่อนฉันลอง ตกปลาด้วยหล่ะ$1#$b#ใช่ฉันตกไม่ได้สักตัว $4",
    "summer_Tue2": "@ อย่าลืมดื่มน้ำ และพยายามอยู่ในที่ร่ม!#$b#เข้าใจไหม $1#$b#ฉันแค่เป็นห่วงน่ะ",
    "summer_Tue4": "อย่างน้อยที่นี้ยังอากาศดี กว่าที่ไทย#$b#อยากลองปลูกผักเหมือนคุณจัง... $1",
    "summer_Wed": "คุณรู้อะไรไหม @#$b#ฉันคิดว่าคุณ เป็นคนทำงาน หนักที่สุดที่ฉันรู้จัก$7",
    "summer_Wed2": "คุณสนใจที่จะไป เที่ยวทะเลกับฉันไหม #$b# ทำอะไรน่ะหรอ นั่งรอบๆไง$1#$b#แค่นั่งเล่นเฉยๆ $1",
    "summer_Wed4": "ไงคุณชาวสวน$b#$b#ฉันว่าฉันเริ่มร้อนแล้วสิ..$2",
    "summer_Sat": "แดดร้อนจัง ผิวฉันแห้ง หมดแล้วนะ$2",
    "summer_Sat2": "ครีมกันแดดฉันเพิ่งหมด$2#$e#หวังว่าปิแอร์จะมีในสต็อกนะ$2",
    "summer_Sat4": "บางครั้งฉันรู้สึกราวกับว่า...#$b#ตัวเองเป็น ภาระของแพม กับ เพนนี$2#$b#ฉันอยากช่วยพวกเขา ได้มากกว่านี้บ้างจัง",
    "summer_Thu": "นี่...เวลาว่างๆ คุณได้ตกแต่งบ้านรึเปล่า?#$e#รถบ้าน ฉันพื้นที่น้อยน่ะ เลยไม่รู้จะจัดยังไง",
    "summer_Thu2": "ไง @ ฉันแค่คิดถึงคุณ #$e# วันนี้เป็นยังไงบ้าง",
    "summer_Thu4": "* หาว * ฉันเบื่อมาก ... $2#$b#แถวนี้ไม่มีอะไรให้ทำ นอกจากเดินวนเป็นวงกลม $3",
    "summer_Thu8": "@ คุณมองหาอะไรในตัวคน? #$b#ส่วนสูง?...#$b#ลักษณะทางจิต?...#$b#บุคลิก?...#$b#แค่ถาม ... เอ่อสำหรับเพื่อนน่ะ#$e#",
    "summer_Sun": "อยากมีชุดอื่นใส่จัง...$2#$e#น่าจะมีร้านเสื้อผ้ามาเปิดแถวนี้นะ$0",
    "summer_Sun2": "ไง @ ในที่สุดก็ซัมเมอร์สักที$1#$e#ฉันจะได้พักจากการ ทำรายงานสักที$1",
    "summer_Sun4": "อากาศแบบนี้ทำให้ฉันไม่อยากออกจากบ้าน #$b# ในบ้านเกิดเก่าของฉันก็ร้อนแบบนี้แหละ",
    "summer_Fri": "ที่นี่ @ ดื่มแล้วให้ร่างกายชุ่มชื้นหน่อย [167]",
    "summer_Fri2": "เอ่อ @? คุณโอเคไหมวันนี้คุณดูไม่ค่อยดี #$b# มานี่พยายามทำให้ร่างกายชุ่มชื้นหน่อย [167]",
    "summer_Fri4": "นี้ @ คุณยุ่งกับการทำงานบ้านรึป่าว#$b#ฉันหวังว่าเราจะมีเวลา นั่งคุยกันสักหน่อย#$b#อาจจะต้องหาหนังสือมาอ่าน $1",
    "summer_10": "ฉันได้ยินมาว่า ลัวร์ คือวันพรุ่งนี้..#$e#หวังว่าจะไม่มีใครทำซุปเลอะเทอะนะ#$e#แม้ว่ามันจะเป็นเรื่องตลกที่จะโยนอะไร#$e#ลงไปในนั้น $1#$b#แต่ห้ามทำนะ! $5",
    "summer_27": "ฉันไม่เคยเห็น แมงกะพรุนมาก่อน โดยเฉพาะ แมงกะพรุนที่เรืองแสง#$e#เมื่อปีที่แล้วฉันพลาดไม่ได้เห็น เพราะฉันเผลอหลับอะ$4#$b#และไม่มีใครปลุก ฉันเลยสักคน * ถอนหายใจ * $2 ",
    "fall_Mon": "สวัสดี @! #$e# อากาศเย็นขึ้นเรื่อยๆ เลยฉันคิดว่าจะได้ออก ไปข้างนอกบ่อยขึ้น",
    "fall_Mon2": "สวัสดี @ #$e# วันนี้คุณยุ่งไหม",
    "fall_Mon4": "จำวันแรกที่เราเจอกันได้ไหม @? #$b#ฉันแน่ใจว่านั่นจะเป็น ครั้งสุดท้ายที่เราจะได้เจอกัน แต่ดูสิว่าตอนนี้เรา ยังคุยกันอยู่เลย $1",
    "fall_Tue": "ในที่สุดก็เป็นเรื่อง ดีที่ได้ออกจากอากาศร้อนสักที",
    "fall_Tue2": "ช่วงนี้หุบเขาดูสวยมากเลย #$e# ฉันน่าจะเอากล้องมาด้วย ... ",
    "fall_Tue4": "หว่าาาา อากาศดีจัง $1#$b#คุณคิดว่าไง?$7",
    "fall_Wed": "มีบางอย่างที่ สวยงามและน่าเศร้า เกี่ยวกับใบไม้บนต้นไม้ $7#$b# มันเป็นสัญลักษณ์ ของความงาม ชีวิต ความตาย และ การต่ออายุบางทีต้นไม้ ในตัวมันเองก็เปรียบ ได้กับชีวิตของเรา$3#$b#ฉันคิดมากไปเองเหรอ#$e#หรือฉันอ่านวรรณกรรมมากไป$1",
    "fall_Wed2": "คุณเคยเห็นดอก ซากุระมาก่อนรึป่าว @ พวกมันมีถิ่นกำเนิด ในที่ที่ฉันเคยไปเที่ยว และฉันว่าคุณ หน้าจะได้เห็นมันตอนบานสะพรั่งนะ $7",
    "fall_Thu": "ช่วงนี้ของปีมีลมแรง! $ h #$e# ฉันรู้ว่านี่อาจฟังดูเด็กไปหน่อย แต่ฉันชอบกระโดดลงไปในกองใบไม้! $1",
    "fall_Thu2": "ฉันสงสัยว่า เพนนี กำลังทำอะไรอยู่ #$e# โอ้เดี๋ยวก่อนอากาศดีหน้าอ่านหนังสือมาก",
    "fall_Thu4": "ผู้ชายที่ชือคลินท์ คนนั้นจ้องไปที่เอมิลี่... $5#$b#ฉันไม่ชอบเลย $5",
    "fall_Fri": "ฉันควรส่งโปสการ์ด ให้พ่อแม่ของฉัน#$b#แต่ฉันต้อง ได้อีกสามใบ สำหรับพี่สาวและน้องสาว ของฉัน $1",
    "fall_Fri4": "สุดสัปดาห์คุณคิดอยากจะทำอะไร @ ไหม?$7#$e#ฉันน่าจะหาหนังสือ มาอ่านนะแต่ ถ้าคุณว่างมาหาฉันได้นะ เดี๋ยวให้ยืมหนังสือ $1",
    "fall_Fri8": "ฉันรอไม่ไหวแล้วที่ จะจ่ายค่าบ้าน เป็นของตัวเอง#$b#ฉันหยุดฝันกลางวันดีกว่า.. $1",
    "fall_Fri10": "@ เมื่อคุณอยู่ใกล้ๆ... ฉันรู้สึกสบายใจ $4#$e#ฉันรู้ว่ามันแปลก แต่มันเป็นเรื่องจริงนะ $4",
    "fall_Sat": "อารมณ์หวั่นไหวนี้มันอะไร หรือฉันกิน กาแฟเยอะไปรึป่าว $4",
    "fall_Sun": "อากาศแบบนี้ ทำให้ฉันรู้สึกดีมาก$7#$b#อากาศดีมากสำหรับ การวิ่งเป็นไมล์! $1#$b#ล้อเล่นน่ะ ฮ่าฮ่า $1",
    "fall_15": "คุณเคยไป เทศกาลแสดงสินค้า ไหม$7#$e#อยากไปดูจังว่ามีอะไรที่ฉันจะเขียนรายงานส่งที่ มหาลัยได้บาง$1",
    "fall_26": "เทศกาลภูติ คือพรุ่งนี้คุณวาง แผนจะไปไหม#$b#ฉันคิดจะแต่งตัว แต่ฉันคิดว่าฉันจะทำมากไปหน่อย",
    "winter_Mon": "คุณมาเจอฉันใน สภาพอากาศแบบนี้ $4#$b#คุณอาจจะ กล้าหรือบ้า ฉันไม่รู้นะ!$5#$e#แต่คุณก็ต้องดูแลตัวเองด้วยรู้ไหม! $5",
    "winter_Mon2": "วันก่อนบอกแล้วไง! $5#$e#ฉันเป็นห่วงนะ! $5",
    "winter_Mon8": "คุณเคยมีความรัก ไหม$7#$e#สำหรับฉันมัน... น่ากลัว$2#$b# ฮ่าๆ ฉันล้อเล่นน่ะ! $1#$e#.... $4 ",
    "winter_Tue": "ฉันต้องเริ่มออกกำลังกาย ในร่มจริงๆ#$e#อากาศแบบนี้ทำให้ฉันขี้เกียจ",
    "winter_Tue2": "เพนนีให้หนังสือ ฉันมาอ่านด้วยแหละ#$b#เธอเป็นคนดีมากเลย เธอไม่ชอบ พูดถึงเรื่องนี้เลยนะ ฮิฮิ $1",
    "winter_Wed": "ฉันสามารถไปหาช็อค โกแลตร้อนดีๆ สักถ้วยได้จริงๆ เสียดายที่ Gus ไม่มีอะไรให้เลย",
    "winter_Wed2": "ดูสิคุณต้องหนาวแน่ๆ!#$b#ฉันเดาว่าไม่มีอากาศ แบบไหนหยุดคุณ ได้หรอกคุณ $1#$b#ดูแลตัวเองหน่อยเถอะนะ $4",
    "winter_Thu": "* ถอนหายใจ * ขาของฉันแข็ง จากการนั่งเฉยๆในบ้าน",
    "winter_Thu2": "นี่ @ ฉันแค่คิดถึงคุณ#$e#สบายดีไหม$7",
    "winter_Fri": "เมื่อวานวันนี้ ฉันเหนื่อยสุดๆ! ฉันคิดว่าฉันควรได้พักกับ ได้เครื่องดื่มอุ่นๆเพื่อแสดง ความยินดีกับตัวเอง $1",
    "winter_Fri8": "พี่สาวของฉันเพิ่ง ส่งของมาให้ฉันทาง ไปรษณีย์ #$b# เขาให้ฉันเพิ่มนิดหน่อย ฉันอยากให้คุณมีบ้าง! [221]",
    "winter_Sat": "ใกล้จะหมดปีแล้วคุณเชื่อ ไหมว่าเวลาผ่านไปเร็วแค่ไหน #$e# ฉันต้องส่งโปสการ์ดให้ครอบครัว",
    "winter_Sun": "แย่จังฉันยังไม่ได้ ไปยืมหนังสือมาเลย $2",
    "winter_7": "มีเทศกาลเฉพาะ น้ำแข็งเหรอ#$b#ว้าวที่นี่มีครบจริงๆ...$7 ",
    "winter_24": "ว้าวงานเลี้ยงแห่งดาวฤดูหนาว จะมีขึ้นในวันพรุ่งนี้ หรือเปล่า#$b#ฉันสงสัยว่า ใครจะได้ของขวัญฉัน...#$b#ฉันจะได้อะไร บ้างฉันไม่รู้บาง ทีฉันอาจจะเป็นตัวเอง ฮ่าฮ่า!$1#$b#ของขวัญสุดฮอต ประจำปี นี้รับก่อนที่จะหมดไป ฮ่าๆ $1",
    "stardrop_gift": "ฉันอยากจะมอบสิ่งนี้ให้คุณคุณมีความหมายกับฉันมากขอบคุณสำหรับทุกสิ่งนะ คุณ ชาว นา$7#$b#...... ..$4",
    "give_flowersA": "คุณรู้ได้ยังไงว่านี่ คือดอกไม้ที่ฉันชอบ$1#$b#คุณหมายถึง ... ?$3#$b#ฉัน..บอกไม่ถูกเลยฉันจะพูดอะไรดี @! ^ เธอเป็น..คนที่น่ารักมาเลย @!  ฉัน..บอกไม่ถูกเลยฉันจะพูดอะไรดี$1#$b#แน่นอนฉันจะเป็นแฟนเธอ! รู้ไหมฉันรอคุณมานาน แค่ที่จนถึงวันนี้ $1 ",
    "give_flowersB": "คุณรู้ได้ยังไงว่านี่ คือดอกไม้ที่ฉันชอบ$1#$b#คุณหมายถึง ... ?$3#$b#ฉัน..บอกไม่ถูกเลยฉันจะพูดอะไรดี @! ^ เธอเป็น..คนที่น่ารักมาเลย @!  ฉัน..บอกไม่ถูกเลยฉันจะพูดอะไรดี$1#$b#แน่นอนฉันจะเป็นแฟนเธอ! รู้ไหมฉันรอคุณมานาน แค่ที่จนถึงวันนี้ $1 ",
    "give_pendant": "คุณต้องการแต่งงานกับฉันไหม $3 #$b# I -... แน่นอน! $4 #$b# ฉันจะพูดกับนายกเทศมนตรีไม่ต้องกังวลเรื่องการเตรียมการ $4 #$b# ครั้งแล้วครั้งเล่าคุณไม่เคยล้มเหลวที่จะทำให้ฉันตกหลุมรักคุณฉันรอวันแต่งงานของเราไม่ไหวแล้ว! $4 ",
    "reject_two_heartA": "คุณสนใจฉันไหม$3#$b#ขอโทษนะเรา ไม่ได้สนิทกัน อย่างที่คิด เราคือ...$2",
    "reject_two_heartB": "มันเร็วเกิน ไปสำหรับสิ่งนั้นคุณไม่คิดหรอ $3",
    "cheat_four_heartA": "นี่มันน่าอึดอัด $3#$b# ขอโทษนะฉันแค่คิดว่าเราไม่ได้อยู่ใน ระดับเดียวกัน... ที่จะรู้สึกอะไรแบบนี้$2",
    "reject_four_heartB": "นั่นจะเป็นเรื่องยากสำหรับฉัน...$2#$b#ฉันไม่คิดว่าเราจะเข้ากันได้มากพอ ... $3",
    "EngagementA": "คุณไม่ได้หมั้นหรอ $3",
    "EngagementB": "คุณมีแล้วหยุดเลย $5",
    "marriedA": "คุณต้องการมาก เท่าไหนถึงจะพอ!$5#$b#คุณแต่งงานแล้ว!$5",
    "marriedB": "คุณจะสร้างฮาเร็มหรอ! ฉันไม่ขอบหน้าคุณเลย$5",
    "refusal_no_heartsA": "นี่เป็นเรื่องตลกหรอ? $5",
    "refusal_no_heartsB": "ตลกดีนี่เล่นตลก เหรอกล้องอยู่ไหน $3",
    "refusal_knownA": "ฉันไม่อยาก พูดแบบหยาบคาย แต่...ฉันไม่รู้สึก แบบเดียวกันกับคุณ$3",
    "refusal_knownB": "ฉันขอโทษฉัน ไม่ได้รู้สึกแบบเดียวกัน...$3",
    "refusal_botherA": "ไม่สนใจเพื่อน $3#$b# เรียนรู้สักที่?$3",
    "refusal_botherB": "... $5#$b# คุณทำให้ฉันโกรธ $5",
    "event_Ann1": "... ! $4",
    "event_Ann2": "แน่นอนเราสามารถใช้เวลา ร่วมกันที่นี่ได้ตลอด เวลาฉันไม่รังเกียจ",
    "event_Ann3": "ฉันเดาว่ามันเป็นอะไรที่ดีมากๆเลย... $7"
}