{
  "Rainy_Day_0": "ˢÒ§¹Í¡½¹µ¡ à¾ÃÒÐԧ¹¾ÂÒÂÒÁÍԒã¹˺Ò¹¹Ðчģ¡$7#$e#àʛ¹àË§ÒÁÒ¡¹ÐړՁÂ$11",
  "Rainy_Day_1": "½¹µ¡! ĉ¹á·ºÃÍäˑäËÇч¨ÐäˑŇÒÍÐäÃàÅÂ á˅ÍԒã¹˺Ò¹Է§ħ¹!!$5",
  "Rainy_Day_2": "ÍɃ³ÊħÊڴ!$h#$e#¢Íã̋àʛ¹ħ¹чƤ¹Ðчģ¡ áÅÐÍ˒ÒŇÒ§Ò¹Ëę¡àš¹ä»¹Ð",
  "Rainy_Day_3": "Т§ªÍº½¹àˇÒäË˓ ʁã˚̊¹ɺ§áºº׉ÍÍ¡ä»äˑä˴á̅Ç...",
  "Rainy_Day_4": "ĉ¹Ģ§äˑŪ¹āº¡ÒÃŇÒÍÒËÒÃá˅¨Ð¾ÂÒÂÒÁŇÒã̋ƤчɊ´!$1",
  "Rainy_Night_0": "Ë¹ÒÇՁÂчģ¡ ä»¹Í¹à¶ÍÐ ¨Ðä˴ŇÒã̋ӭ¹ע¹¹Ð$7",
  "Rainy_Night_3": "½¹ŇÒã̋˺Ò¹¢Í§àÃÒɤ ˉÒÍԒ¹Ð˗ÒՁÂ?$h",
  "Rainy_Night_4": "ħ¹׉ĉ¹ړǪ¡ÍÂÒ¡ÍԒº¹àƥÂ§ ÍÂÒ¡ä»¹Í¹˴ÇÂā¹ՁÂ$4",
  "Rainy_Night_5": "ĉ¹Ƥã¨чȤ³¡ĥº˺Ò¹... Ǵ¹׉ĉ¹ÍÂÒ¡¡Í´Ȥ³ÁÒ¡!$1",
  "Indoor_Day_0": "ÍɃ³ÊħÊڴ Ɋ´Ë˕Í^ÍɃ³ÊħÊڴ Ɋ´ÊÇÂ$h#$e#¾̃ÍÁŚÒËģº§Ò¹Ëę¡ËȓÍĢ§$1",
  "Indoor_Day_1": "ÍɃ³ÊħÊڴ !!$h#$b#ĉ¹¾ÂÒÂÒÁŇÒºÒ§Í˒Ò§ã̋ˉÐ[210 211 195 240 610]",
  "Indoor_Day_2": "¹Í¹ËĥºÊºÒÂäËÁ?#$b#ɤàËȑÍ¹ıÒĥ§ĝ¹ƤàÅÂ!$1",
  "Indoor_Day_3": "ɤι¹Ɗ ĉ¹Ģ§ĝ¹ÍԒàÅÂ $4",
  "Indoor_Day_4": "ĉ¹ɤ§Ò¹Ëę¡Է§ËÁ´чȤ³ŇÒã¹¿ÒΓÁ׉ áÅÐ˵Í§ºÍ¡˗Òĉ¹»ÃÐėºã¨ÁÒ¡#$e#ĉ¹ɰƁã¨ã¹ĕÇȤ³ÁÒ¡¹Ð @.$4",
  "Indoor_Night_0": "ħ¹׉Ȥ³ŇÒȷ¡Í˒Ò§àÊʣ¨á̅ÇËÃÍ @?#$e#à¸Í¤§àËҩÍÂ#$b#ĉ¹¾̃ÍÁ¨ÐàˢÒ¹Í¹ȷ¡àұÍчȤ³ÍԒ$1",
  "Indoor_Night_1": "ħ¹׉Ȥ³ɤàËȑÍ¹ŇÒ§Ò¹Ëę¡!$h#$e#äˑ˵Í§ÅÐÍÒÂч¨Ðàƅ¡§Ò¹",
  "Indoor_Night_2": "ĉ¹Ƥã¨чȤ³¡ĥº˺Ò¹#$e#ĉ¹ړǪ¡àË§ÒŹ´ËˉÍÂ$l",
  "Indoor_Night_3": "ŇÒ§Ò¹àÊʣ¨á̅ÇàËÃÍ àˢÒ¹Í¹ā¹à¶ÍÐ$1",
  "Indoor_Night_4": "àÊʣ¨á̅ÇŚÒËģºħ¹׉áÅÐ¾̃ÍÁŚÒËģº¡ÒÃ¹Í¹ĝ¹Ƥ!$1",
  "Outdoor_0": "ħ¹׉ÊÇÂĈ§ á´´ÍÍ¡$7",
  "Outdoor_1": "˶ÒȤ³˵Í§¡ÒÃĉ¹ ħ¹׉ĉ¹¨ÐÍԒÃÍºæ ¿ÒΓÁ¹Ð#$e#ĉ¹¨Ðàʛ¹ıÒĥ§ã¨ã̋Ȥ³ ȷ¡æħ¹¹Ð!$1",
  "Outdoor_2": "ħ¹׉Ʊ¤ÇÒÁɊ¢¹Ð á´´ÍÍ¡#$e#ÍÒ¡ÒÈƤħ¹׉ àËÁÒÐŚÒËģº˝Ò¹Ëę§ȚÍɊ´æ",
  "Outdoor_4": "¡Òá¿¿Ī¡ËˉÍÂՁÂчģ¡ ?$h[150]",
  "OneKid_0": "%kid1 ˉÒģ¡чɊ´äˑãʺàËÃÍ",
  "OneKid_1": "ĉ¹Ëħ§˗Ò %kid1 ¨Ðàŵºâµàʛ¹¤¹ч¢Ģ¹áººȤ³¹Ð!$l",
  "OneKid_2": "äˑ˵Í§ā§ÇÅ ĉ¹¨ÐĈºµÒɤ %kid1 ħ¹׉ Ȥ³áʴԵ§ã¨āº§Ò¹¢Í§Ȥ³àÅÂ!$h",
  "OneKid_3": "µÍ¹׉àÃÒƱɵ¡á̅ÇƚƇµ˅Ò§ä»¨Ò¡àŴÁ á˅ĉ¹äˑä˴ËÁÒÂ¤ÇÒÁÍ˒Ò§Թ¹ã¹·Ò§чäˑƤ¹Ð$1#$b#Ʊ¤ÇÒÁɊ¢Ĉ§чÍԒāºȤ³ $7",
  "TwoKids_0": "ĉ¹ã̋ %kid1 áÅÐ %kid2 ÍÒËÒÃà˪Ò¢Í§¾Ç¡à¢Òá̅Ç ħ¹׉¾ÂÒÁàˢÒчģ¡!$1",
  "TwoKids_1": "ĉ¹Ëħ§˗ÒȤ³¨ÐŇÒ§Ò¹ã̋àÊʣ¨ʱÍ¹àÇÅÒ àʔ¡æ ɮ´ȤÂā¹Í˒Ò§äˑËɂ´Ë˒Í¹àбÂÇāºàÇÅÒà˕¹āºȤ³!$1",
  "TwoKids_2": "ĉ¹Ť´˗ÒȺ¤ƅ¡чƱàÊˉΛ¢Í§Ȥ³ıÒĥ§àŵºâµע¹ã¹àʔ¡æ чģ¡#$e#ȷ¡¤Ճ§чĉ¹ÁÍ§ɤ¾Ç¡à¢Ò ĉ¹Ëɂ´֢Áäˑä˴àÅÂ¹Ð$1",
  "TwoKids_3": "ĉ¹à¤Âɮ´ä»ËÅÒÂ¤Ճ§á̅Ç á˅ĉ¹ģ¡¤ÃÍº¤ģÇ¢Í§àÃÒÁÒ¡!$4",
  "Good_0": "ƚƇµá˅§§Ò¹ǴÍ... ȝÁ ĉ¹ÍŸºÒÂäˑɦ¡àÅÂ!$h#$b#áÅÐäˑ˵Í§ɮ´ǖ§˗Òà¤ÂƱ¤¹чÂÍ´àђÂÁÍ˒Ò§Ȥ³$l",
  "Good_1": "ħ¹чȤ³ºÍ¡ĉ¹˗ÒȤ³ģ¡ĉ¹ǴÍħ¹чТ§ãËʽчɊ´ã¹ƚƇµ¢Í§ĉ¹¹Ð $4",
  "Good_2": "ړäËÁ ħ¹Թ¹чâÃ§ÍÒºթÒ.. $4#$b#áºº˗Ò ι¹àʛ¹ɘºáÃ¡ĉ¹¹Ð $1",
  "Good_3": "ÊħÊƤ¤¹Ë˕Í!^ÊħÊƤ¤¹ÊÇÂ!",
  "Good_4": "ÃÐħ§ @ ĉ¹ړ˗ÒȤ³áʂ§á¡˓§ÁÒ¡ á˅Í˒Ò»ÃÐÁÒ·àš¹ä»¹Ð...$2",
  "Good_5": "̇ÒÇ ħ¹׉Ȥ³ɤË˕ÍÁÒ¡àÅÂ! Ȥ³ŇÒÍÐäÃчáµ¡˅Ò§ÍÍ¡ä»ËȓÍà»˕Ò$1^àÊˉΛáººڌËŭ§¢Í§Ȥ³ġ¹àš¹˵Ò¹·Ò¹äˑä˴á̅Ç ĉ¹ÅÐÊÒÂµÒ¨Ò¡Ȥ³äˑä˴àÅÂ$1",
  "Good_6": "щ @ ģ¡¹Ð $4",
  "Good_7": "ĉ¹«Òº׫§ã¹¤ÇÒÁӗÁà·Է§ËÁ´чȤ³ŇÒ! áʴŤ´˗Òĉ¹¤ÇÃºÍ¡ã̋Ȥ³ړ$1#$e#ĉ¹ģ¡Ȥ³ чģ¡!$h",
  "Good_8": "à̎ Ɋ´Ë˕Í Í˒ÒËÒÂä»¹Ò¹¹Ð$1^à̎ Ȥ³ݖ¡µÒ¢Í§ĉ¹ Í˒ÒËÒÂä»¹Ò¹¹Ð$1",
  "Good_9": "ĉ¹¨ÐĢ§ģ¡à¸Íȷ¡àұÍàÅÂ¹ÐړՁÂ",
  "Neutral_0": "Í˒ÒȕÁҤÁթÒã¹µÍ¹чȤ³ŇÒ§Ò¹!#$e#Ğ¡àÂÍÐæ ¹Ð$7",
  "Neutral_1": "ȝÁ ĉ¹Ê§ĪÂ˗Òħ¹׉¨ÐŇÒÍÐäÃ˺Ò§#$e#ħ¹׉ƱÍÐäÃã¹ÇÒÃÐ¢Í§Ȥ³˺Ò§",
  "Neutral_2": "Ȥ³Ğ¡̃Í¹ÍԒËȓÍà»˕Ò#$b# ƤĈ§ ɤáÅɊ¢ÀÒ¾áÅÐĞ¡ˌÍ¹ã̋ÊÁȴÅāº¡ÒÃŇÒ§Ò¹˴ÇÂ¹Ð",
  "Neutral_3": "ĉ¹¨ÐäˑàƳÂ¡ƚƇµá˅§§Ò¹˗ÒˉÒàҪÍËÃÍ¡ á˅... ʺÇ§׉ړǪ¡àËȑÍ¹ÍԒˍÒÂàƤÂÇ$s",
  "Neutral_4": "ĉ¹Ģ§¤§¾ÂÒÂÒÁàƳÂ¹ړƇƨŇÒÍÒËÒÃÍ˒Ò§ɦ¡˵Í§ Ĕ§Թ¹ĉ¹ǈ§ÊÒÁÒÃ¶ŇÒÍÒËÒÃÍ˓ÍÂæ ã̋Ȥ³ä˴#$e#¨¹ǖ§µÍ¹׉ʁĢ§ä»äˑä˴ÍԒƤ...",
  "Neutral_5": "Ӹæ ĉ¹ʁړǪ¡â·ÃÁæ ĉ¹ˉÒ¨Ðä»¹Í¹ä˴á̅Ç",
  "Neutral_6": "ĉ¹Ê§ĪÂ˗Òħ¹׉чä·Âàʛ¹Ģ§ä§˺Ò§",
  "Neutral_7": "ħ¹׉ĉ¹äˑÍÂÒ¡ŇÒÍÐäÃàÅÂ á˅ι¹ǴÍĉ¹ȷ¡ħ¹...#$e#ĉ¹ړǪ¡ËÁ´ÍÒÃÁ΃ áʴԹ¹",
  "Neutral_8": "ˋÒÇ..áʴŤ´ÍԒ˗ÒȤ³ Ť´ÍÐäÃÍԒ$1",
  "Neutral_9": "ĉ¹Ê§ĪÂ˗ÒàÃÒÊÍ§¤¹¨Ðã˪ƚƇµ˓ÇÁā¹ä˴¹Ò¹áʴäË¹...",
  "Bad_0": "àÃÒĢ§ģ¡ā¹...ãʺäËÁ$s",
  "Bad_1": "*¶Í¹ËÒÂã¨*... $s",
  "Bad_2": "Ȥ³äˑ¾Íã¨āºЪ§чàÃÒƱǣˋÒÇ$s#$e#...$s",
  "Bad_3": "ʺÇ§׉Ȥ³ŇÒĕÇá»Å¡æ¹Ð$s",
  "Bad_4": "ĉ¹Ëħ§˗ÒȤ³¨Ðäˑ˵Í§Ť´ÍÐäÃÁÒ¡àбÂÇāº...ʁ¾Ç¡àÃÒ$s",
  "Bad_5": "ĉ¹¤¹àƤÂÇĢ§äˑ¾ÍËÃÍ?$s",
  "Bad_6": "@... $s#$e#äˑàʛ¹äÃ... $s",
  "Bad_7": "˶ÒƱÍÐäÃż´¾ÅÒ´ â»Ã´ŵ´˅Íāºĉ¹ @.$s#$e#*¶Í¹ËÒÂã¨*... $s",
  "Bad_8": "¢ÍÍĠÂ á˅ĉ¹äˑƱÍÒÃÁ΃$s",
  "Bad_9": "ºÒ§Ƨĉ¹ˉÒ¨Ðä·Âä»ÊÐ... $s",
  "spring_1": "»ų¸Ò¹ƫãËˑ¢Í§ĉ¹ǴÍ¡ÒÃàƳÂ¹ړЪ§ãËˑ!$1 áÅÐä˴˝Ò¹Ëę§ȚÍËÅÒÂæà˕Á!! $1",
  "spring_8": "Äɤãºä́¼ƅàʛ¹Äɤ¡ÒÅчƤàÊÁÍ$7",
  "spring_23": "¾ӣ§׉ĉ¹¨Ðǝ¡ŇÒÍÒËÒÃɤ",
  "summer_1": "Äɤ̃Í¹ÁÒǖ§á̅Ç!#$b#ҤÁթÒã̋ÁÒ¡ æ áÅÐÍ˒ÒŇÒ§Ò¹Ëę¡àš¹ä»¹Ð$7",
  "summer_8": "˶ÒȤ³ªÍº àÃÒÊÒÁÒÃ¶Ʊħ¹чƤчªÒÂËÒ´˴ÇÂā¹ä˴¹Ð#$b#ĉ¹Ť´˗ÒȤ³ˉÒ¨ÐÊȹ¡āº¡ÒÃáʺĕÇã¹ÁËÒÊɁ·ÃàҮÍ¤ÅÒẪÍ¹¹Ð$1",
  "summer_15": "ÍÒ¡ÒÈ̃Í¹áºº׉äˑ˵Í§àʛ¹˛Ç§ĉ¹ÁÒ¡¹Ð! Ȥ³ǴÍ¤¹àƤÂÇчŇÒ§Ò¹Ëę¡Է§ËÁ´#$b#ā§ÇÅàбÂÇāºĕÇàÍ§à¶ÍÐ$11",
  "fall_1": "˝Ò ĉ¹ªÍºÄɤãºä́˓Ç§ÁÒ¡! ÍÒ¡ÒÈàËÁÒÐāº ¡ÒÃ˝Ò¹Ëę§ȚÍч˺Ò¹ÁÒ¡$h",
  "fall_8": "Ȥ³¾̃ÍÁŚÒËģºÄɤË¹ÒÇËȓÍĢ§чģ¡",
  "fall_15": "Ȥ³ĕ´Ɗ¹ã¨á̅ÇËȓÍĢ§˗Ò¨ÐàÍÒÍÐäÃä»Ĉ´áÊ´§ã¹§Ò¹ Grange ã¹ħ¹¾ӣ§׉?#$e#Ëħ§˗ÒȤ³¨ÐàµÐˡ¹¢Í§ŻáÍΓã¹ƫ׉ä˴!$h",
  "fall_26": "ĉ¹ÃÍà·È¡ÒÅ׉äˑäËÇá̅Ç! ĉ¹ªÍºȷ¡Í˒Ò§àбÂÇāºġ¹àÅÂ! $h",
  "winter_1": "*ËÒÇ* ĉ¹àУÁʷÇ§àұÍǖ§ÄɤƋÁÐ..$u",
  "winter_7": "¾ӣ§׉Ȥ³¨ÐàˢÒ˓ÇÁ¡ÒÃáʲ§Ă¹µ¡»ÅÒäËÁ?#$e#¢Íã̋âª¤Ƥ¹Ðчģ¡$1!",
  "winter_28": "¢ÍºȤ³ŚÒËģº¤ÇÒÁɊ¢чÁÍºã̋µÅÍ´Է§ƫ @.$7#$e#ĉ¹Ëħ§˗Ò¨ÐÍԒàƔÂ§ˢÒ§Ȥ³µÅÍ´ä»$1#$b#чщ! àҮÍà©ƅÁ©ÅÍ§ƫãËˑ [348]",
  "patio_Ann": "ħ¹׉ÍÒ¡ÒÈƤ! ÍÍ¡ä»ŇÒħ¹׉ã̋ƤчɊ´¹Ðчģ¡!$1",
  "spouseRoom_Ann": "¢Íã̋Ʊ¤ÇÒÁɊ¢ÁÒ¡ æ ¹Ð @ ĉ¹àО§¨ÐŇÒ¤ÇÒÁÊÐÍÒ´чщŹ´ËˉÍÂ",
  "funLeave_Ann": "ĉ¹Ť´˗Òĉ¹¨ÐàŴ¹ä»чªÒÂËÒ´ħ¹׉ Ƥã¨àÊÁÍчä˴àʫ¹·ÐàÅƽ¡¤Ճ§",
  "funReturn_Ann": "ĉ¹Ʊ¤ÇÒÁɊ¢чªÒÂËÒ´˴ÇÂĕÇàÍ§ ĉ¹ɤ¤ҵ¹ÁÒáÅÐËÒÂä»àËȑÍ¹¤Ճ§ʱÍ¹"
}