{
    "Format": "1.6",
    "Changes": [{
            "LogName": "NPC Manifestation",
            "Action": "EditData",
            "Target": "Data/NPCDispositions",
            "Entries": {
                "Ann": "teen/polite/outgoing/neutral/female/datable/null/Other/summer 7//Custom_AnnHouse 10 12/Ann"
            }
        }, {
            "Action": "EditData",
            "Target": "Mods/Bouhm.NPCMapLocations/NPCs",
            "Entries": {
                "Ann": {
                    "MarkerCropOffset": 4
                }
            }
        }, {
            "LogName": "Events",
            "Action": "Load",
            "Target": "Data/Events/Custom_AnnHouse",
            "FromFile": "assets/Map/Custom_AnnHouse.xnb"
        }, {
            "LogName": "Events",
            "Action": "Load",
            "Target": "Data/Events/BathHouse_Entry",
            "FromFile": "assets/Map/BathHouse_Entry.xnb"
        }, {
            "LogName": "NPC Gift Tastes",
            "Action": "EditData",
            "Target": "Data/NPCGiftTastes",
            "Entries": {
                "Ann": "̽Ð¢ÍºȤ³ÁÒ¡¹Ð! ړä˴ä§˗Òĉ¹ªÍº¢Í§áºº׉ ¢ÍºȤ³¹Ðĉ¹ªÍºġ¹ÁÒ¡æàÅÂ!!/64 72 74 228 196 38 797 230 184/¢ÍºȤ³¹Ð!! ĉ¹ªÍº¢Í§¢ħ­Ĉ§../211 223 222 234 728 730 -79 -81/ĉ¹...˗Òĉ¹äˑªÍºġ¹¹Ð @/-81 -21 /@ |¢ÂÐËÃÍ...../342 330/¢ÍºȤ³ŚÒËģº¢Í§¢ħ­..../424 426 306 307 308 428 446 78 725 726 768 769 -4 142 721 681 688 689 690 -74 309 310 311/"
            }
        }, {
            "LogName": "Animation Description Data",
            "Action": "EditData",
            "Target": "Data/animationDescriptions",
            "Entries": {
                "ann_read": "16 17 19/18/19 17 16",
                "ann_dishes": "24 25/24 25/24 25",
                "ann_wave_left": "20 20 20 20 20 20 20 20 20 20 20 20 20 20 20/12/12",
                "ann_sleep": "48/48/48",
                "ann_sit_down": "34/34/34",
                "ann_drink_coffee": "34 34 30/30 30 30 30 30 30 30 30 29 29 29 29 30 30 30 30 30 30 30 30/30 30 34"
            }
        }, {
            "LogName": "Schedule Dialogue",
            "Action": "Load",
            "Target": "Strings/schedules/Ann",
            "FromFile": "assets/Schedule/ScheduleDialogue.json"
        }, {
            "LogName": "Engagement Dialogue",
            "Action": "EditData",
            "Target": "Data/EngagementDialogue",
            "Entries": {
                "Ann0": "ĉ¹ʁā§ÇÅàʥ¡ ˹ÍÂˉÐàбÂÇāºàҳÍ§׉ $7#$b#...ÅÐ ÅÐ ...á̅ÇȤ³Ë˕Ð$4",
                "Ann1": "ĉ¹Ť´˗Òĉ¹¤§äˑƱ¤ÇÒÁÊØ¢ä»¡˗Ò׉á̅Ç...$4"
            }
        }, {
            "LogName": "Marriage",
            "Action": "EditData",
            "Target": "strings/StringsFromCSFiles",
            "Entries": {
                "Utility.cs.5371": "@... áÍ¹... #$b# ã¹°Ò¹Ð¹ÒÂ¡à·ÈÁ¹µƳ ¢Í§àȑÍ§à¾ƅá¡¹ áÅÐ°Ò¹Ð¢Í§ڌȆÍ¤ÃÍ§ µÃÒ»ÃÐėºá˛§¡ÒÃƇÇÒΛ ¢Í§»ÃÐà·È׉ µÍ¹׉¼Á¢Í»ÃÐ¡ÒÈ˗Ò Ȥ³ä˴¡ÅÒÂàʛ¹ÊÒƱáÅÐ... ãʺá̅Ç ÊÒƱā¹Í˒Ò§ɦ¡˵Í§!$h",
                "Utility.cs.5377": "@... áÍ¹... #$b# ã¹°Ò¹Ð¹ÒÂ¡à·ÈÁ¹µƳ ¢Í§àȑÍ§à¾ƅá¡¹ áÅÐ°Ò¹Ð¢Í§ڌȆÍ¤ÃÍ§ µÃÒ»ÃÐėºá˛§¡ÒÃƇÇÒΛ ¢Í§»ÃÐà·È׉ µÍ¹׉¼Á¢Í»ÃÐ¡ÒÈ˗Ò Ȥ³ä˴¡ÅÒÂàʛ¹ÀÃÃÂÒáÅÐÊÒƱā¹ Í˒Ò§ɦ¡˵Í§!$h"
            },
            "When": {
                "Relationship:Ann": "Engaged, Married"
            }
        }, {
            "LogName": "Ann Portraits",
            "Action": "Load",
            "Target": "Portraits/Ann",
            "FromFile": "assets/Image/Ann.png"
        }, {
            "LogName": "Ann Sprites",
            "Action": "Load",
            "Target": "Characters/Ann",
            "FromFile": "assets/Image/Sprite.png"
        }, {
            "LogName": "Ann Portraits AfterMarried",
            "Action": "EditImage",
            "Target": "Portraits/Ann",
            "FromFile": "assets/Image/AfterMarriage_Ann.png",
            "When": {
                "Relationship:Ann": "Married"
            }
        }, {
            "LogName": "Ann Sprites AfterMarried",
            "Action": "EditImage",
            "Target": "Characters/Ann",
            "FromFile": "assets/Image/AfterMarriage_Sprite.png",
            "When": {
                "Relationship:Ann": "Married"
            }
        }, {
            "LogName": "Dialogue",
            "Action": "Load",
            "Target": "Characters/Dialogue/Ann",
            "FromFile": "assets/Dialogue/Dialogue.json"
        }, {
            "LogName": "Marriage Dialogue",
            "Action": "Load",
            "Target": "Characters/Dialogue/MarriageDialogue/Ann",
            "FromFile": "assets/Dialogue/marriageDialogue.json"
        }, {
            "LogName": "Schedule",
            "Action": "Load",
            "Target": "Characters/schedules/Ann",
            "FromFile": "assets/Schedule/Schedule.json"
        }, {
            "Action": "EditData",
            "Target": "data/festivals/spring13",
            "Entries": {
                "Ann": "@ à·È¡ÒÅàʁºäʲË˕Ð ɤ˶Òàʔ¡æ¨Ðã̋ ¤ÇÒÁÊ¹ã¨ÁÒ¡àÅÂ¹Ð $7"
            }
        }, {
            "Action": "EditData",
            "Target": "data/festivals/spring13",
            "Entries": {
                "Ann": "à̂!! $1#$b#à¸ÍʁƳºæä»ËÒÊÐƊ"
            },
            "When": {
                "Spouse:Ann": "True"
            }
        }, {
            "Action": "EditData",
            "Target": "data/festivals/spring24",
            "Entries": {
                "Ann": "ĉ¹ҥ¹à˵¹ÁÒ¡àÅÂ¹Ð!! $1"
            }
        }, {
            "Action": "EditData",
            "Target": "data/festivals/spring24",
            "Entries": {
                "Ann": "*¶Í¹ËÒÂã¨* Äɤãºä́¼ÅÔã¡̅¨ÐËÁ´á̅Ç.. $2"
            },
            "When": {
                "Spouse:Ann": "True"
            }
        }, {
            "Action": "EditData",
            "Target": "data/festivals/summer11",
            "Entries": {
                "Ann": "Í´ã¨ÃÍäˑäËÇá̅ÇÇÇ $1 #$b# ĉ¹ªÍº¢Í§¡Ô¹¢Í§ч׉ÁÒ¡æàÅÂ $1 #$b# @ ¹ÒÂʁµÑé§µÒÃÍÅÐƊ $1 ^ à¸ÍʁµÑé§µÒÃÍÅÐƊ $1",
                "Ann_spouse": "á̅ÇȤ³¨Ðã˚ÍÐäÃÅ§ä»ËÃÍ $1 @? #$b# Í˒Òã˚ÍÐäÃˉÒàƑÂ¨Å§ä»Ë˕Ðĉ¹ÃÍ¡Ô¹«Ø»¢Í§»Õ׉ÍԒ $1"
            }
        }, {
            "Action": "EditData",
            "Target": "data/festivals/summer28",
            "Entries": {
                "Ann": "ĉ¹ˉÒ¨ÐàÍÒ¡̅Í§ÁÒ ... $2",
                "Ann_spouse": "ä§!!! ĉ¹á·ºÃÍäˑ äËÇá̅Çч¨Ðä˴ ɤ¡ÒÃÍ¾Â¾ ¢Í§áÁ§¡Ð¾Ƀ¹ $1#$b#ãʺæ ĕÇƺàƒÂÇˉÐËÒÂÒ¡ ÁÒ¡àÅÂ¹Ð!! $1"
            }
        }, {
            "Action": "EditData",
            "Target": "data/festivals/summer28",
            "Entries": {
                "Ann": "Ǵ¹׉..... ĉ¹˗Òġ¹ÊÇÂÁÒ¡æàÅÂ˗ÒäËÁ?? $4"
            },
            "When": {
                "Spouse:Ann": "True"
            }
        }, {
            "Action": "EditData",
            "Target": "data/festivals/fall16",
            "Entries": {
                "Ann": "ƤƊ¢Í§¢ÒÂàÂÍÐĈ§!! Ȥ³ʁàʛ¹à¡ÉµÃ¡ÃŹ $0 #$e#Ʊ¢Í§ÁÒ¢ÒÂÃÖ»èÒÇÇÇ$1",
                "Ann_spouse": "ºÃÃÂÒ¡ÒÈáºº׉Ƥ¹Ð˗ÒäËÁ?? #$e#àÍÒË˕Ð˵Í§ƱÍÐäÃã̋ĉ¹ŇÒĪ¡Í˒Ò§ !!$1"
            }
        }, {
            "Action": "EditData",
            "Target": "data/festivals/fall16",
            "Entries": {
                "Ann": "ĉ¹äˑªÍºµÑÇµÅ¡ęé¹àÅÂ...$2"
            },
            "When": {
                "Spouse:Ann": "True"
            }
        }, {
            "Action": "EditData",
            "Target": "data/festivals/fall27",
            "Entries": {
                "Ann": "ÍÒ¡ÒÈË¹ÒÇע¹¹Ð...$2#$e#äˑ˗Ò¨Ðàʛ¹ÍÒ¡ÒÈËȓÍºÃÃÂÒ¡ÒÈ...",
                "Ann_spouse": "ĉ¹Ť´˗Òĉ¹ړǪ¡˗ÒƱÍÐäÃÁÒǔ§á¢¹ĉ¹...$2"
            }
        }, {
            "Action": "EditData",
            "Target": "data/festivals/winter8",
            "Entries": {
                "Ann": "ÍÒ¡ÒÈË¹ÒÇע¹¹Ð Ȥ³ʁɤáÅĕÇàÍ§˴ÇÂË˕Ð ĉ¹ƱáʴȪ´ę¡Ǩ¡ÉÒˉÐ $7#$b#˞Ò á˅ĉ¹ªÍºÍÒ¡ÒÈË¹ÒÇ¹Ð à¾ÃÒÐä·ẪÍ¹ÁÒ¡¡¡ àÅÂ!!!$1"
            }
        }, {
            "Action": "EditData",
            "Target": "data/festivals/winter8",
            "Entries": {
                "Ann": "Ȥ³¨Ðä˴»ÅÒàÂÍÐáʴäË¹¹Ð!! #$b#ĉ¹¨ÐàªÕÂÃìȤ³¹Ð!!$1"
            },
            "When": {
                "Spouse:Ann": "True"
            }
        }, {
            "Action": "EditData",
            "Target": "data/festivals/winter25",
            "Entries": {
                "Ann": "чä·ÂʁƱà·È¡ÒÅáºº׉ȷ¡ƫàÅÂËħ§˗Òĉ¹¨Ðä˴ÍÐäÃ˺Ò§¹Ð..... $2"
            }
        }, {
            "Action": "EditData",
            "Target": "data/festivals/winter25",
            "Entries": {
                "Ann": "Ȥ³àÍÒ¢Í§¢ħ­ÁÒã̋ĉ¹ @?! $h#$b#׉˵Í§àʛ¹¢Í§¢ħ­чƤчÊØ´чä˴à¤Âä˴ÁÒáˉæàÅÂ... $l"
            },
            "When": {
                "Spouse:Ann": "True"
            }
        }, {
            "Action": "EditData",
            "Target": "strings/StringsFromMaps",
            "Entries": {
                "Custom_AnnHouse.1": "¡Òá¿ ¢Í§áÍ¹...",
                "Custom_AnnHouse.2": "¤ÍÁ..¢Í§áÍ¹",
                "Custom_AnnHouse.3": "ã¤Ãàʛ¹¤¹ã̋à¸Íā¹¹Ð",
                "Custom_AnnHouse.4": "äˑƱÍÐäÃɤ...",
                "Custom_AnnHouse.5": "Ʊá˅Ëę§ȚÍàʕÁä»ËÁ´àÅÂ.."
            }
        }, {
            "LogName": "AnnEvent",
            "Action": "EditData",
            "Target": "Data/Events/Beach",
            "Entries": {
                "952551/f Ann 500/t 630 1000/w sunny": "ocean/29 36/farmer 24 30 2 Ann 29 36 2/skippable/move farmer 0 1 1/move farmer 1 0 2/move farmer 0 5 2/speak Ann \"׉ @ Ȥ³˗ÒäËÁч׉Ê§ºƤĈ§....#$b#ĉ¹ړǪ¡ªÍº¤¹ч׉ÁÒ¡àÅÂ¹Ð$0\"/faceDirection farmer 1/speak Ann \"¢Íâ·É¹Ðчĉ¹ɮ´ÍÐäÃá»Å¡æ....#$b#ĉ¹à´Ò˗ÒȤ³ʁªÍºч׉àËȑÍ¹ā¹$7#$b#à̋ÍÍÍ....ÍÂÒ¡ÍԒч׉¹Ò¹æĈ§!!$1\"/faceDirection farmer 2/speak Ann \"á̅Çч¿ÒÁȤ³àʛ¹Ģ§ä§˺Ò§??$7#$b#ˉÒ¨Ð˵Í§Ƥáˉæ˶ÒÍԒч¿ÒÁΓ $7#$b#»¡ŵĉ¹ʁÍԒã¹àȑÍ§ÁÒµÅÍ´àÅÂ.... ¨¹ĉ¹ä˴ÁÒч׉$7\"/pause 1000/speak Ann \"ǖ§Í˒Ò§ι¹!! ĉ¹ʁŤ´ǖ§àҮÍ¹ËÅÒÂæ ¤¹чι¹¹Ð..$1#$b#ÍÒ¨¨Ðğ§ɤàʛ¹ àʔ¡àʫ¹áʱĕÇ¹Ð á˅ʁ˵Í§ÂÍÁģº˗Ò ĉ¹ʴÍ¹ˢÒ§àË§Ò $4#$b#ĉ¹ʁàƳÂ¹ÁÒµÅÍ´àÅÂ...$s#$b#äˑʴÍÂä˴ŇÒÍÐäÃ¾ÍÁÒ ч׉ĉ¹Êȹ¡Ɋ´æ#$b#чä˴à¨Íȷ¡¤¹ã¹Ëԑ˺Ò¹!! $1\"/question fork1 \"ɮ´ÍÐäÃĪ¡Í˒Ò§.. #¨Ð˗ÒäËÁчĉ¹ÍÂÒ¡ÊŹ·āºà¸Íã̋ÁÒ¡¡˗Ò׉ #...\"/fork noResponse/pause 1000/speak Ann \"Ȥ³àʛ¹¤¹Ƥ¨ƃ§æàÅÂ¹Ð...$7^à¸Í׉àʛ¹¤¹Ƥ¨ƃ§æàÅÂ¹Ð...$7#$b#ǖ§˗Òàʛ¹Ȩ´àУÁ˵¹чƤ¹ÐŚÒËģºĉ¹ ˞Òæ$1\"/emote farmer 60/speak Ann \"ä̇à¨Íā¹ãËˑ¹Ð @ ...$7\"/move Ann 0 -1 0/faceDirection farmer 0/move farmer 0 -4 0/speak Ann \"ړĈ¡ā¹á̅Ç¹ÐȤ³¢ÒÇÊÇ¹$7\"/move Ann -4 0 3 true/move Ann 0 -5 3 true/faceDirection farmer 3/pause 500/faceDirection farmer 2/globalFade/viewport -1000 -1000/end",
                "noResponse": "pause 500/emote Ann 28/speak Ann \"¾Íĉ¹àŴ¹à˕¹¹Ò¹ä»ËˉÍÂ ...$7\"/move Ann 0 -1 0/faceDirection farmer 0/speak Ann \"ä̇à¨Íā¹ãËˑ¹Ð$0\"/move Ann -4 0 3 true/move Ann 0 -5 3 true/faceDirection farmer 3/globalFade/viewport -1000 -1000/end"
            }
        }, {
            "LogName": "AnnEvent",
            "Action": "EditData",
            "Target": "Data/Events/Town",
            "Entries": {
                "952552/f Ann 1000/t 800 1300/w sunny": "playful/35 88/farmer 30 80 2 Ann 32 89 3 Penny 31 89 1 Vincent 20 90 3 Jas 20 91 3/skippable/move farmer 0 5 2/speak Penny \"׉!!! @ ħ¹׉ÍÒ¡ÒÈàËÁÒÐ āº¡ÒÃàŴ¹à˕¹¹Ð ˗ÒäËÁ!! â̽ÐáÍ¹ʁä»˴ÇÂ¹Ð$1\"/move farmer 0 3 2/speak Ann \"à˝!!.... ǴÍ..˗Ò..äˑãʺ¹Ð!!$4#$b#ËÁÒÂǖ§.. ĉ¹¨Ðä»˝Ò¹Ëę§ȚÍāº à¾¹Ʃ ˉÐ$4\"/speak Penny \"ԧ¹à¸ÍȤÂā¹àÅÂ¹Ð.. àƤÂÇĉ¹ä»µÒÁàʔ¡æ ʱÍ¹¹Ð..$1\"/move Penny 0 1 3/move Penny -11 0 3/speak Ann \"àͭ!! ´Ð..à݋ÂÇƊ!! $4\"/faceDirection Ann 2/faceDirection Ann 3/emote Ann 28/move farmer 0 1 1/speak Ann \"§Ð..ä§  ÍÒ¡ÒÈƤà¹ÍÐ ..$7#$b#ʷÒÒ äˑäËÇ äˑäËÇ....$4\"/speed Vincent 6/move Vincent 10 0 0/speed Jas 6/move Jas 11 0 0/speak Vincent \"̽ÐÊħÊƤ¤ģº @ Թ¹юáÍ¹Ź à˞ Ƙºā¹ÍԒËÃÍ¤ģº$1\"/faceDirection Jas 0/speak Jas \"àͭ ƘºËÃÍ$1#$b#̽Ð!! ¨ƃ§˴ÇÂюáÍ¹ Ë˹Òá´§Ɋ´æ$1\"/faceDirection Ann 2/faceDirection Ann 3/speak Ann \"...ÍÐ àͭ$4\"/speak Penny \"àʔ¡æ Í˒Òä»Ãº¡Ç¹юà¢Ò ãʺäËÁáÍ¹$1\"/faceDirection Penny 1/move Penny 8 0 1/speak Ann \"äˑģºړ˴ÇÂá̅Ç!! $4\"/speed Ann 4/move Ann 0 2 3/speed Ann 4/move Ann 8 0 1/speed Ann 4/move Ann 0 6 2/faceDirection Vincent 1/faceDirection farmer 1/faceDirection Jas 1/speak Penny \"Ë˗ÒÒÒ ä»ÊÐÅÐ§Í¹ǣˋÒÇàщÂ ƎƎ $1\"/emote farmer 60/pause 500/end"
            }
        }, {
            "LogName": "AnnEvent",
            "Action": "EditData",
            "Target": "Data/Events/Custom_AnnHouse",
            "Entries": {
                "952553/f Ann 1500/t 630 1200": "playful/14 9/farmer 14 13 0 Ann 6 9 0/skippable/move farmer 0 -1 0/move farmer -2 0 1/faceDirection farmer 0/doAction 12 11/move farmer 0 -3 0/move farmer -2 0 0/faceDirection farmer 3/faceDirection Ann 1/speak Ann \"̽Ð!ä§ @ ¾ÍƤàÅÂħ¹׉ ĉ¹ƱÍÐäÃã̋¨Ð ã̋ɤ˴ÇÂË˕Ð $1\"/move farmer -3 0 1/faceDirection farmer 0/faceDirection Ann 0/emote farmer 8/faceDirection Ann 1/speak Ann \"׉àʛ¹§Ò¹чä˴ŇÒÃÐË˗Ò§ ÍԒч׉ĉ¹ÍÂÒ¡ã̋Ȥ³ÅÍ§ɤ ã̋ËˉÍÂˉÐ$1#$b#àʛ¹ä§˺Ò§?\"/question fork1 \"§Ò¹¢Í§áÍ¹àʛ¹ä§˺Ò§? #ɤˉÒÊ¹ã¨¹Ð á˅áÍ¹àƳÂ¹ Digital Art Ź #äˑàʫ¹ˉÒÊ¹ã¨àÅÂ...\"/fork noResponse/speak Ann \"áÎÐæ ǴÍ˗ÒÒÒ$1#$b#ĉ¹ªÍº§Ò¹ÇÃÃ³¡ÃÃÁ ˴ÇÂ§Ð$7#$b#á˅ʁ»ģºã˪ā¹ä˴¹Ð $1\"/faceDirection Ann 0/pause 500/faceDirection farmer 3/speak Ann \"à̋ÍÍ.. $2#$b#Է§чÍԒчщ ʁƱ¤¹àÂÍÐáÂÐ¹Ð á˅ŇÒäÁĉ¹àË§Òá»Å¡æ$2#$b#á˅ʁ¹Ðƽ¡äˑ¹Ò¹ ĉ¹ʁä˴¡ĥºä» á̅Ç... ǣ... ˋÒÇ¹Ð$3\"/emote farmer 32/faceDirection Ann 1/speak Ann \"ÍÐäÃà˕Ò!! $4#$b#ʁ¨ƃ§щ¹Ò ǖ§¨Ðɮ´ä»áººԹ¹ á˅ȷ¡¤¹чÍԒчщ ʁã¨ƤÁÒ¡$4#$b#á˅ʁáʴړǪ¡ÍÂÒ¡Ʊ¤¹ʴÍÂ ğ§àУÍ§˅Ò§æ ʴÍÂÃÍƤã¨˴ÇÂā¹āº àҳÍ§˅Ò§æ$4\"/question fork1 \"ɮ´ÍÐäÃĪ¡Í˒Ò§.. #ʁƱàÃÒԷ§¤¹׉ä§#á̅Çä§..ʁáʴÍԒĕÇ¤¹àƤÂÇ\"/fork noResponse/speak Ann \"àͭ.. $11#$b#щ ä˴ËÃÍ¨ÐÂÍÁğ§ ȷ¡àҳÍ§àÅÂËÃÍ á˅ġ¹¨ÐÃº¡Ç¹ Ȥ³à»˕Òæ¹Ð$11#$b#á˅ʁ ¢ÍºȤ³¹Ð! $1\"/emote farmer 32/speak Ann \"Ե§á˅àرÍƑÑá̅Ç ġ¹ɤã¡̅àš¹ä»ǣˋÒÇ..$4#$b#Ģ§äˑãʺµÍ¹׉ËÃÍ¡¹Ð!! ¶ÍÂÍÍ¡ä»ʱÍ¹!! $4\"/animate farmer false true 100 102 103/pause 1000/globalFade/viewport -1000 -1000/pause 600/stopAnimation farmer/end warpOut",
                "noResponse": "pause 500/speak Ann \"ËÃÍ..¢Íâ·É¹ÐчŇÒã̋àƺÂàÇÅÒ $2\"/pause 1000/globalFade/viewport -1000 -1000/pause 600/end warpOut"
            }
        }, {
            "LogName": "AnnEvent",
            "Action": "EditData",
            "Target": "Data/Events/Custom_AnnHouse",
            "Entries": {
                "952556/f Ann 2000/t 630 1200": "distantBanjo/16 8/farmer 14 13 0 Ann 18 8 0/skippable/faceDirection Ann 1/faceDirection Ann 3/pause 300/faceDirection Ann 1/faceDirection Ann 3/faceDirection Ann 3/faceDirection Ann 0/speak Ann \"ŇÒä§Ƥ!! ŇÒä§Ƥ!! ŇÒä§Ƥ!! ŇÒä§Ƥ!! ŇÒä§Ƥ!! ŇÒä§Ƥ!! $4\"/move farmer 0 -1 0/move farmer 2 0 0/move farmer 0 -1 0/move farmer 1 0 0/move farmer 0 -1 0/jump Ann 4/faceDirection Ann 2/speak Ann \"щ!!! @ ĉ¹ŇÒġ§§ÐËÒÂˉÐ! ¢Íâ·É¹Ðá˅ʺÇÂĉ¹ËÒä˴ǣˋÒÇ $4\"/emote farmer 60/speak Ann \"ĉ¹ËÒµÃ§Թ¹¹Ð Ȥ³ʁËÒµÃ§Թ¹ $4\"/pause 500/speed Ann 5/move Ann -2 0 0/move farmer 0 2 1/move farmer 2 0 0/move Ann 0 -1 3/move farmer 1 0 0/faceDirection farmer 0/move farmer 1 0 0/faceDirection farmer 0/move Ann 2 0 0/faceDirection Ann 0/pause 300/move farmer -3 0 0/move farmer 0 -4 0/emote Ann 12/emote farmer 16/faceDirection Ann 2/jump Ann 4/speak Ann \"à¨Íá̅ÇËÃÍ!? $4#$b#¢ÍºȤ³¹Ð!! ĉ¹щªÍºȕÁËę§ȚÍ ÍԒàҵÍÂàÅÂÍÐ$1#$b#țÁ? ˉÒÊ¹ã¨ËÃÍ?$0#$b#ãʺˑÒÒÒ ~ ÁÒ˝Ò¹˴ÇÂā¹ʁä˴¹Ð$1 \"/fade/message \"á̅Çà¸ÍʁàУÁ˝Ò¹ɤàËȑÍ¹˗Òà¸ÍÁÒ¡àÅÂ àУÁã¡̅Ū´āºà¸ÍÁÒע¹á̅ÇƊ\"/end warpOut"
            }
        }, {
            "LogName": "TellYourHeart",
            "Action": "EditData",
            "Target": "Data/mail",
            "Entries": {
                "annhesitate": "ǴÍ˗Ò.. @ ÁÒà¨Íĉ¹ËˉÍÂä˴äËÁ? чâÃ§ÍÒºթÒˉÐ^¾ÍƤ˗Òà¾¹Ʃá¹ÐŉÒĉ¹ÁÒá˅äˑƱàҮÍ¹ä»àÅÂà¾¹ƩàÍ§ʁäˑ˗Ò§^ĉ¹ƱËÅÒÂæàҳÍ§àÅÂч¨ÐȤÂāºȤ³ˉÐ ^»ÃÐÁÒ³ 7:00PM ¹Ðĉ¹Ť´˗Òԧ¹..^ĉ¹ƱàҳÍ§ÍÂÒ¡¨ÐȤÂāºȤ³ÁÒ¡æàÅÂ!! ^¢ÍºȤ³ч˝Ò¹¹Ð!! ¨Ò¡, Ann[#]First Mail"
            }
        }, {
            "LogName": "AnnEvent",
            "Action": "EditData",
            "Target": "Data/Events/Farm",
            "Entries": {
                "962555/f Ann 2500/x annhesitate": "null"
            }
        }, {
            "LogName": "AnnEvent",
            "Action": "EditData",
            "Target": "Data/Events/BathHouse_Entry",
            "Entries": {
                "967415/f Ann 2500/t 1900 2400/n annhesitate": "echos/5 6/farmer 5 9 0 Ann 4 4 2/skippable/jump Ann 3/emote Ann 16/move farmer 0 -4 0/move farmer -1 0 0/faceDirection farmer 0/speak Ann \"¢ÍºȤ³чÁÒ¹Ð $1#$b#ԧ¹ĉ¹ä»à»ѕÂ¹Ȫ´á̅Ç¹Ð$7\"/move Ann -2 0 0/faceDirection Ann 0/pause 600/warp Ann -1000 -1000/playSound doorClose/end position 4 5"
            }
        }, {
            "LogName": "AnnEvent",
            "Action": "EditData",
            "Target": "Data/Events/BathHouse_Pool",
            "Entries": {
                "968455/f Ann 2500/t 1900 2400/n annhesitate": "echos/15 15/farmer 21 13 3 Ann 12 15 1/swimming farmer/swimming Ann/skippable/emote Ann 60/move farmer 0 2 3/move farmer -5 0 3/move Ann 1 0 1/playSound slosh/pause 700/speak Ann \"ĉ¹Ƥã¨ÁÒ¡àÅÂ¹ÐчȤ³ÁÒ  à¾¹Ʃà¸ÍºÍ¡˗Òà¸ÍÁÒчщˊÍÂæ$6#$b#ч¨ƃ§á·¹чºÍ¡˗Ò ÁÒȤÂá˅àʛ¹¡ÒÃ ¢ÍºȤ³ÁÒ¡¡˗Ò$8#$b#¢ÍºȤ³¹Ð ŚÒËģºȷ¡æÍ˒Ò§чŇÒã̋ĉ¹$6\"/move Ann 1 0 1/speak Ann \"á̅Çʁƽ¡àҳÍ§..$6#$b#¨ÐàУÁĢ§ä§Ƥ..$8\"/pause 1000/playSound slosh/speak Ann \"ǴÍ˗ÒàҳÍ§¤ÇÒÁړǪ¡чĉ¹Ʊ ã̋Ȥ³¹Ð$8#$b#µÍ¹áÃ¡ĉ¹Ť´˗Òĉ¹Ť´ä»àÍ§ á˅ȷ¡¤Ճ§чȤ³àУÁàˢÒã¡̅ ĉ¹āºړǪ¡á»Å¡æчË˹ÒÍ¡ $8\"/question fork1 \"... #áÍ¹ĉ¹ªÍºà¸Í¹Ð #¢Íâ·É¹Ð à¸ÍʁáʴŤ´ä»àÍ§...\"/fork Heartbroken/move farmer -1 0 3/speak Ann \"щ.. ǴÍ˗Ò...$8\"/pause 1000/showFrame Ann 32/pause 200/playSound slosh/positionOffset Ann 2 0/pause 50/positionOffset Ann 2 0/pause 50/positionOffset Ann 2 0/pause 50/positionOffset Ann 2 0/positionOffset farmer -2 0/pause 50/positionOffset Ann 2 0/positionOffset farmer -2 0/pause 50/eyes 1 -10000/positionOffset Ann 2 0/positionOffset farmer -2 2/pause 50/positionOffset Ann 2 0/positionOffset farmer -2 0/pause 50/positionOffset Ann 2 0/positionOffset farmer -2 0/pause 50/positionOffset Ann 2 0/positionOffset farmer -2 0/pause 50/positionOffset Ann 2 0/positionOffset farmer -2 0/specificTemporarySprite heart 13 29/speak Ann \"¢ÍºȤ³¹Ð..$10#$b#Ե§á˅ħ¹áÃ¡чà¨Íā¹ ĉ¹äˑŤ´˗ÒàÃÒ¨Ðä˴ ړĈ¡ā¹ÁÒ¡¢¹Ò´׉$9#$b#@.... ĉ¹ªÍºȤ³¹Ð$10\"/pause 1200/globalFade/viewport -1000 -1000/pause 2000/stopSwimming farmer/stopSwimming Ann/end warpOut",
                "Heartbroken": "move Ann 0 -2 0 /friendship Ann -1500/faceDirection farmer 0/shake Ann 5000/globalFade/viewport -1000 -1000/stopSwimming farmer/stopSwimming Ann/end warpOut"
            }
        }
    ]
}