{
	"festivalSpots": [
		{
			"name": "Ann",
			"map": "Town-EggFestival",
			"position": [
				22,
				61
			],
			"direction": 2
		},
		{
			"name": "Ann",
			"map": "Forest-FlowerFestival",
			"position": [
				26,
				38
			],
			"direction": 2
		},
		{
			"name": "Ann",
			"map": "Town-Halloween",
			"position": [
				31,
				65
			],
			"direction": 1
		},
		{
			"name": "Ann",
			"map": "Beach-Luau",
			"position": [
				25,
				14
			],
			"direction": 2
		},
		{
			"name": "Ann",
			"map": "Beach-Jellies",
			"position": [
				32,
				34
			],
			"direction": 2
		},
		{
			"name": "Ann",
			"map": "Town-Fair",
			"position": [
				26,
				78
			],
			"direction": 3
		},
		{
			"name": "Ann",
			"map": "Town-Halloween",
			"position": [
				37,
				14
			],
			"direction": 2
		},
		{
			"name": "Ann",
			"map": "Forest-IceFestival",
			"position": [
				72,
				22
			],
			"direction": 2
		},
		{
			"name": "Ann",
			"map": "Town-Christmas",
			"position": [
				24,
				74
			],
			"direction": 0
		}
	]
}